Index,Date,LTP,% Change,High,Low,Open,Qty.,Turnover
1,2025/06/26,249.64,1.2,258.90,248.00,248.00,"315,903","79,984,798.80"
2,2025/06/25,246.69,-0.58,251.80,244.00,251.80,"121,820","30,050,743.70"
3,2025/06/24,248.14,-0.66,254.60,247.20,252.60,"146,261","36,614,479.70"
4,2025/06/23,249.80,1.74,251.00,243.40,249.20,"127,755","31,764,214.00"
5,2025/06/22,245.52,-4.09,256.90,245.00,255.00,"204,271","50,895,139.30"
6,2025/06/19,256.00,-0.78,262.00,255.00,260.50,"403,195","104,405,691.30"
7,2025/06/18,258.01,1.31,261.00,255.00,256.00,"233,786","60,376,877.40"
8,2025/06/17,254.67,-0.6,259.00,252.80,252.80,"146,521","37,423,243.80"
9,2025/06/16,256.22,0.75,267.00,250.20,259.00,"493,551","128,676,271.20"
10,2025/06/15,254.31,-1.71,263.90,252.00,263.90,"294,654","75,035,242.70"
11,2025/06/12,258.74,-3.51,267.60,258.00,263.10,"730,309","191,737,850.30"
12,2025/06/11,268.15,0.71,271.00,262.10,271.00,"269,861","71,941,045.90"
13,2025/06/10,266.27,-0.53,274.10,262.80,272.00,"552,098","148,228,621.30"
14,2025/06/09,267.69,9.01,269.00,240.70,240.70,"782,887","204,695,272.80"
15,2025/06/08,245.56,1.02,247.80,241.20,245.00,"150,792","36,847,339.70"
16,2025/06/05,243.09,1.58,246.00,239.00,244.00,"139,398","33,709,828.50"
17,2025/06/04,239.30,-0.98,245.70,238.00,244.00,"148,646","35,659,533.10"
18,2025/06/03,241.67,-1.55,249.00,240.60,249.00,"139,717","33,999,472.50"
19,2025/06/02,245.47,-0.76,253.00,244.10,252.20,"178,896","44,529,370.00"
20,2025/05/28,247.34,1.08,249.40,241.00,245.00,"178,693","43,720,742.00"
21,2025/05/27,244.69,-0.59,249.50,241.40,243.00,"163,111","39,948,802.20"
22,2025/05/26,246.14,-1.5,258.00,245.00,254.80,"251,044","62,528,260.40"
23,2025/05/25,249.89,-0.92,255.00,246.30,255.00,"169,221","42,178,909.90"
24,2025/05/22,252.22,-2.77,264.50,250.20,264.50,"199,657","50,828,148.70"
25,2025/05/21,259.40,-2.43,280.00,257.00,271.10,"255,516","67,781,315.40"
26,2025/05/20,265.87,1.43,268.70,255.10,265.00,"294,366","77,524,896.60"
27,2025/05/19,262.11,0.94,264.90,258.00,262.00,"237,195","61,903,740.10"
28,2025/05/18,259.67,4.85,267.00,245.00,245.00,"364,678","93,619,293.80"
29,2025/05/15,247.67,-2.49,258.00,246.50,249.00,"154,007","38,423,976.00"
30,2025/05/14,254.00,-0.12,258.00,251.00,257.90,"108,561","27,559,701.70"
31,2025/05/13,254.31,-2.18,265.00,254.00,265.00,"186,939","47,967,699.90"
32,2025/05/11,259.99,-3.21,273.90,258.10,264.00,"290,379","76,555,081.30"
33,2025/05/08,268.60,3.85,274.90,254.00,254.00,"440,071","117,801,389.40"
34,2025/05/07,258.63,2.79,264.00,250.00,250.00,"319,758","83,026,458.80"
35,2025/05/06,251.61,-1.34,258.90,250.00,250.20,"282,487","71,395,480.80"
36,2025/05/05,255.03,-2.78,267.50,254.00,257.20,"219,983","56,598,237.20"
37,2025/05/04,262.33,-0.27,268.20,261.50,268.20,"210,485","55,665,746.60"
38,2025/04/30,263.03,2.02,273.50,254.00,257.90,"368,752","96,957,076.60"
39,2025/04/29,257.82,-2.68,270.00,257.10,259.90,"306,179","79,759,087.30"
40,2025/04/28,264.93,0.73,274.90,257.80,257.80,"359,066","96,186,743.70"
41,2025/04/27,263.02,-1.31,270.90,256.00,262.10,"317,168","84,202,281.60"
42,2025/04/24,266.51,1.24,270.00,258.10,262.00,"303,891","80,216,811.40"
43,2025/04/23,263.25,-1.32,272.00,261.50,261.50,"199,390","52,930,820.00"
44,2025/04/22,266.76,-2.3,278.50,266.00,275.00,"330,104","89,297,150.00"
45,2025/04/21,273.04,0.13,280.80,268.20,274.50,"264,182","72,823,986.70"
46,2025/04/20,272.69,-3.29,285.80,271.00,285.00,"176,722","48,828,470.90"
47,2025/04/17,281.97,-0.09,289.50,279.30,287.80,"457,452","130,077,447.60"
48,2025/04/16,282.21,1.64,285.00,273.00,280.00,"322,198","90,005,010.00"
49,2025/04/15,277.67,2.69,280.00,270.00,275.80,"291,956","80,866,217.40"
50,2025/04/13,270.40,1.06,272.30,264.70,267.60,"276,752","74,512,072.80"
51,2025/04/10,267.56,-1.52,275.00,267.00,274.00,"204,444","55,141,734.00"
52,2025/04/09,271.68,-0.95,280.00,269.80,269.80,"189,694","51,915,201.00"
53,2025/04/08,274.28,2.23,275.40,261.70,266.00,"294,789","78,787,203.70"
54,2025/04/07,268.29,-2.12,284.90,268.00,268.70,"210,097","57,024,585.90"
55,2025/04/03,274.11,-2.91,283.00,273.00,283.00,"339,135","93,710,560.10"
56,2025/04/02,282.34,1.31,284.00,278.00,281.00,"229,441","64,573,247.70"
57,2025/04/01,278.70,-2.77,291.00,276.00,286.00,"381,889","106,962,032.00"
58,2025/03/30,286.64,-0.48,295.00,284.00,290.00,"450,126","130,777,954.20"
59,2025/03/27,288.03,4.05,289.80,275.20,279.90,"478,530","135,997,503.10"
60,2025/03/26,276.81,2.89,279.80,266.00,266.00,"295,985","81,347,954.40"
61,2025/03/25,269.04,-4.41,280.00,268.00,276.00,"400,610","109,116,628.80"
62,2025/03/24,281.45,-0.43,287.90,275.00,280.00,"368,044","103,921,921.40"
63,2025/03/23,282.66,-3.92,299.00,281.00,299.00,"454,371","129,675,956.30"
64,2025/03/20,294.20,-1.28,299.00,290.00,297.00,"445,853","130,652,863.20"
65,2025/03/19,298.00,-2.3,305.00,295.00,305.00,"435,625","130,466,577.30"
66,2025/03/18,305.00,2.45,311.00,289.20,291.80,"768,543","227,212,708.70"
67,2025/03/17,297.70,-4.58,309.90,297.70,306.00,"553,804","168,345,082.20"
68,2025/03/16,312.00,0.65,318.00,300.00,303.80,"1,193,937","369,464,989.40"
69,2025/03/12,310.00,6.71,318.00,284.70,285.00,"1,309,670","391,969,107.10"
70,2025/03/11,290.50,-1.09,302.00,281.00,288.00,"598,046","171,187,002.10"
71,2025/03/10,293.70,-1.77,304.90,275.00,299.00,"1,163,855","334,738,343.80"
72,2025/03/09,299.00,-0.99,308.90,294.10,308.00,"882,641","265,426,334.50"
73,2025/03/06,302.00,3.67,305.00,285.50,285.50,"1,060,007","315,790,348.80"
74,2025/03/05,291.30,-0.92,305.80,289.20,295.00,"923,950","274,314,131.10"
75,2025/03/04,294.00,3.16,303.00,286.10,289.00,"1,317,842","391,071,720.80"
76,2025/03/03,285.00,2.52,289.00,273.20,281.00,"960,141","271,720,964.40"
77,2025/03/02,278.00,5.7,282.00,257.80,268.20,"873,576","235,206,697.90"
78,2025/02/27,263.00,-0.53,269.60,257.00,269.60,"508,434","133,437,476.40"
79,2025/02/25,264.40,1.69,267.00,255.00,262.80,"756,317","198,011,322.00"
80,2025/02/24,260.00,6.34,265.00,245.00,249.30,"1,506,161","389,768,586.30"
81,2025/02/23,244.50,5.84,245.00,224.00,230.00,"824,084","197,050,475.00"
82,2025/02/20,231.00,0.61,234.00,225.00,234.00,"263,968","60,914,390.90"
83,2025/02/18,229.60,-0.17,234.00,228.20,234.00,"256,204","59,227,277.10"
84,2025/02/17,230.00,-1.67,238.50,228.00,235.00,"279,771","64,781,568.60"
85,2025/02/16,233.90,6.32,239.00,221.00,224.40,"702,783","161,861,292.70"
86,2025/02/13,220.00,0.92,222.10,218.80,222.00,"180,606","39,770,687.60"
87,2025/02/12,218.00,0.46,223.00,215.00,219.80,"189,224","41,655,113.60"
88,2025/02/11,217.00,0.93,219.00,213.40,215.00,"124,144","26,885,614.80"
89,2025/02/10,215.00,0,223.00,213.10,213.10,"84,643","18,193,066.90"
90,2025/02/09,215.00,-1.83,224.70,215.00,215.00,"121,672","26,554,076.30"
91,2025/02/06,219.00,0.46,225.90,213.70,213.70,"143,119","31,450,712.90"
92,2025/02/05,218.00,0.65,223.00,216.00,220.90,"176,293","38,800,301.50"
93,2025/02/04,216.60,-0.64,222.30,215.10,218.00,"100,940","21,965,024.70"
94,2025/02/03,218.00,-1.71,226.20,217.00,226.20,"182,181","40,235,057.20"
95,2025/02/02,221.80,3.79,225.90,215.90,215.90,"282,178","62,576,027.00"
96,2025/01/28,213.70,2.84,216.10,206.20,207.80,"193,967","41,001,500.80"
97,2025/01/27,207.80,0.29,212.00,205.20,205.20,"140,960","29,492,782.30"
98,2025/01/26,207.20,-0.1,211.50,206.10,211.50,"74,028","15,385,092.40"
99,2025/01/23,207.40,-1.24,214.00,207.00,212.00,"46,925","9,846,665.00"
100,2025/01/22,210.00,2.94,212.80,201.50,202.00,"158,277","33,097,459.90"
101,2025/01/21,204.00,-0.63,207.80,202.80,205.00,"47,791","9,791,781.60"
102,2025/01/20,205.30,-0.58,210.60,204.90,210.60,"76,588","15,879,324.50"
103,2025/01/19,206.50,0.73,207.40,203.20,203.20,"52,116","10,742,297.00"
104,2025/01/16,205.00,-0.73,207.00,203.50,207.00,"59,605","12,199,929.30"
105,2025/01/15,206.50,1.23,207.90,201.80,201.80,"60,097","12,348,948.50"
106,2025/01/13,204.00,0.29,209.00,200.00,203.00,"190,060","38,527,395.40"
107,2025/01/12,203.40,-3.46,211.00,200.00,209.10,"151,792","30,759,696.00"
108,2025/01/09,210.70,-1.13,216.00,210.30,216.00,"48,109","10,171,692.50"
109,2025/01/08,213.10,-0.42,216.80,212.00,214.00,"38,977","8,293,880.00"
110,2025/01/07,214.00,0,218.00,212.10,214.00,"83,593","17,992,870.10"
111,2025/01/06,214.00,5.16,216.20,205.00,205.00,"125,060","26,382,013.60"
112,2025/01/05,203.50,1.24,204.00,202.00,203.00,"46,043","9,361,825.70"
113,2025/01/02,201.00,0.2,204.60,200.00,200.00,"37,939","7,662,419.30"
114,2025/01/01,200.60,0.8,203.90,199.30,201.00,"32,014","6,457,910.10"
115,2024/12/31,199.00,-2.45,204.00,197.00,204.00,"106,637","21,258,691.90"
116,2024/12/29,204.00,-1.26,207.20,203.20,203.20,"44,707","9,156,509.40"
117,2024/12/26,206.60,-0.86,209.00,205.00,208.00,"43,522","9,013,142.20"
118,2024/12/24,208.40,0.29,212.40,208.00,209.50,"69,023","14,476,861.70"
119,2024/12/23,207.80,1.86,208.20,202.00,203.00,"64,849","13,331,825.40"
120,2024/12/22,204.00,-1.35,207.90,203.00,206.00,"73,623","15,095,785.60"
121,2024/12/19,206.80,-2.18,213.00,206.00,210.10,"73,425","15,290,867.40"
122,2024/12/18,211.40,-0.75,215.00,210.70,215.00,"49,695","10,526,719.80"
123,2024/12/17,213.00,-0.47,215.20,212.00,212.30,"34,191","7,302,799.90"
124,2024/12/16,214.00,-1.92,220.00,212.00,220.00,"109,886","23,586,786.40"
125,2024/12/12,218.20,-1.71,224.30,218.00,222.10,"59,197","13,025,735.30"
126,2024/12/11,222.00,1.14,222.80,218.00,220.00,"52,719","11,643,136.80"
127,2024/12/10,219.50,-0.23,223.00,218.00,220.00,"70,096","15,392,465.70"
128,2024/12/09,220.00,0,224.20,215.60,215.60,"67,218","14,787,238.60"
129,2024/12/08,220.00,-2.22,229.50,219.00,229.50,"117,261","25,952,528.90"
130,2024/12/05,225.00,-2.3,234.80,224.00,234.80,"118,793","26,972,615.20"
131,2024/12/04,230.30,0.79,237.50,227.00,233.00,"273,971","63,891,527.50"
132,2024/12/03,228.50,2.93,230.00,223.00,226.40,"347,112","78,995,383.70"
133,2024/12/02,222.00,0,227.40,221.30,224.50,"122,496","27,533,499.90"
134,2024/12/01,222.00,-0.63,223.90,218.00,219.10,"109,984","24,256,653.90"
135,2024/11/28,223.40,-1.8,230.00,223.30,230.00,"108,308","24,397,341.90"
136,2024/11/27,227.50,1.11,230.00,224.00,228.40,"105,281","23,950,882.10"
137,2024/11/26,225.00,2.51,228.20,220.00,223.80,"112,809","25,143,732.20"
138,2024/11/25,219.50,0.69,224.00,213.80,213.80,"61,276","13,477,685.70"
139,2024/11/24,218.00,-1.76,226.30,217.70,226.30,"108,803","23,971,707.90"
140,2024/11/21,221.90,-1.42,229.60,221.50,229.60,"130,105","29,254,597.60"
141,2024/11/20,225.10,0.49,227.00,220.00,220.00,"94,418","21,199,575.90"
142,2024/11/19,224.00,-2.65,233.00,223.00,226.50,"174,237","39,480,562.60"
143,2024/11/17,230.10,0.26,237.60,229.60,234.00,"154,854","36,213,566.30"
144,2024/11/14,229.50,0.66,233.80,228.00,231.00,"176,583","40,709,184.00"
145,2024/11/13,228.00,-1.3,235.50,226.00,226.40,"111,406","25,488,626.20"
146,2024/11/12,231.00,-1.28,238.60,229.20,238.60,"140,982","32,924,233.60"
147,2024/11/11,234.00,-1.27,244.00,230.00,241.00,"242,450","57,665,002.80"
148,2024/11/10,237.00,5.99,237.00,224.00,228.00,"270,724","62,743,480.90"
149,2024/11/06,223.60,1.18,224.00,219.00,223.00,"75,085","16,601,678.00"
150,2024/11/05,221.00,-0.9,225.80,218.60,218.60,"45,600","10,136,165.70"
151,2024/10/30,223.00,-0.98,230.00,220.70,220.70,"81,025","18,235,225.30"
152,2024/10/29,225.20,1.3,230.00,223.00,226.70,"181,743","41,170,529.60"
153,2024/10/28,222.30,1.51,223.40,219.60,223.00,"87,189","19,343,553.50"
154,2024/10/27,219.00,0.92,222.00,216.00,221.30,"97,423","21,288,088.90"
155,2024/10/24,217.00,-0.87,222.00,215.00,216.00,"102,016","22,244,587.10"
156,2024/10/23,218.90,-0.32,222.00,215.70,222.00,"96,979","21,097,976.70"
157,2024/10/22,219.60,1.76,220.00,214.00,214.00,"74,701","16,258,344.20"
158,2024/10/21,215.80,-2.79,226.40,215.10,226.40,"174,003","37,908,474.40"
159,2024/10/20,222.00,-2.2,229.00,218.00,222.50,"193,108","43,015,797.80"
160,2024/10/17,227.00,-1.3,235.00,225.50,230.00,"140,341","32,422,144.50"
161,2024/10/16,230.00,2.77,233.00,222.00,225.00,"167,943","38,589,483.40"
162,2024/10/15,223.80,1.73,224.00,220.00,223.00,"48,511","10,764,904.30"
163,2024/10/09,220.00,1.85,220.20,213.10,218.90,"79,246","17,251,179.80"
164,2024/10/09,220.00,1.85,220.20,213.10,218.90,"79,246","17,251,179.80"
165,2024/10/08,216.00,-3.53,224.00,215.00,222.10,"89,737","19,578,605.40"
166,2024/10/07,223.90,1.73,227.00,220.40,223.00,"145,568","32,504,433.70"
167,2024/10/06,220.10,3.19,222.00,210.00,213.10,"125,525","27,230,424.80"
168,2024/10/02,213.30,-2.6,223.30,212.00,223.30,"196,130","42,443,134.10"
169,2024/10/01,219.00,9.5,219.30,200.20,203.00,"223,230","47,098,082.90"
170,2024/09/30,200.00,2.3,201.00,194.60,196.00,"95,256","18,802,427.00"
171,2024/09/29,195.50,-2.3,203.00,193.50,196.10,"106,125","20,927,872.80"
172,2024/09/26,200.10,-3.8,211.00,199.00,208.00,"91,166","18,525,794.70"
173,2024/09/25,208.00,4.47,210.00,196.30,201.00,"130,861","26,687,943.50"
174,2024/09/24,199.10,-4.28,211.00,198.30,211.00,"152,060","30,907,278.50"
175,2024/09/23,208.00,-3.03,214.50,201.00,211.00,"153,388","31,924,501.10"
176,2024/09/22,214.50,1.42,224.40,211.00,214.00,"136,847","29,389,055.70"
177,2024/09/18,211.50,0,216.90,209.00,212.00,"138,744","29,440,079.40"
178,2024/09/16,211.50,-2.08,219.90,209.20,216.10,"194,548","41,415,768.10"
179,2024/09/15,216.00,-4,234.00,214.00,227.50,"285,372","64,358,681.40"
180,2024/09/12,225.00,7.19,228.90,208.00,208.00,"188,381","41,217,632.30"
181,2024/09/11,209.90,-1.96,218.30,208.20,218.30,"174,059","36,911,518.00"
182,2024/09/10,214.10,-2.28,231.00,212.90,219.10,"196,877","43,090,984.80"
183,2024/09/09,219.10,-2.54,229.20,217.60,229.20,"221,238","48,920,205.10"
184,2024/09/08,224.80,-2.26,235.00,223.00,232.60,"149,447","34,226,553.60"
185,2024/09/05,230.00,-1.29,237.00,222.00,237.00,"210,079","47,889,016.80"
186,2024/09/04,233.00,-4.12,247.80,228.00,247.80,"218,947","51,467,094.70"
187,2024/09/03,243.00,0.33,253.00,241.00,246.00,"307,716","75,847,708.70"
188,2024/09/02,242.20,8.03,243.50,221.70,228.60,"394,518","92,894,016.30"
189,2024/09/01,224.20,-4.19,242.20,222.00,238.50,"237,067","54,069,078.80"
190,2024/08/29,234.00,-2.46,244.60,230.00,244.00,"222,066","52,117,713.00"
191,2024/08/28,239.90,1.65,250.90,234.30,238.70,"380,632","92,457,962.80"
192,2024/08/27,236.00,-7.45,259.00,233.10,252.00,"554,755","134,858,796.40"
193,2024/08/25,255.00,-0.31,270.20,254.00,256.00,"724,121","188,658,823.40"
194,2024/08/22,255.80,-1.24,269.00,255.80,264.10,"369,282","96,364,835.60"
195,2024/08/21,259.00,0.78,270.00,255.80,260.00,"470,356","123,164,077.00"
196,2024/08/18,257.00,-4.81,276.00,253.00,272.00,"719,865","190,560,960.30"
197,2024/08/15,270.00,4.65,283.00,260.00,263.00,"839,595","227,642,349.80"
198,2024/08/14,258.00,3.61,260.10,239.30,249.00,"666,793","165,331,866.50"
199,2024/08/13,249.00,-0.4,265.00,240.10,255.00,"574,728","143,907,974.00"
200,2024/08/12,250.00,6.75,256.00,235.00,235.00,"953,333","232,449,402.70"
201,2024/08/11,234.20,8.43,234.80,215.20,217.00,"905,804","205,374,348.70"
202,2024/08/08,216.00,0.23,225.00,215.00,217.00,"542,883","118,632,267.80"
203,2024/08/07,215.50,3.51,217.70,207.00,207.00,"402,893","85,919,500.20"
204,2024/08/06,208.20,-5.36,225.00,205.00,220.00,"611,587","130,995,791.40"
205,2024/08/05,220.00,0.92,227.00,211.00,218.00,"565,822","125,060,766.70"
206,2024/08/01,218.00,-1.8,229.00,215.30,223.00,"560,831","124,846,978.50"
207,2024/07/31,222.00,8.29,225.50,200.90,200.90,"1,036,316","225,866,917.30"
208,2024/07/30,205.00,0.99,209.00,199.00,202.00,"408,477","83,214,210.30"
209,2024/07/29,203.00,-1.46,214.00,201.70,210.10,"521,994","108,313,646.80"
210,2024/07/28,206.00,0.98,214.00,196.90,208.00,"457,582","93,402,210.50"
211,2024/07/25,204.00,-0.49,213.10,203.00,206.00,"552,698","114,380,227.20"
212,2024/07/24,205.00,2.5,214.00,198.00,203.90,"869,430","179,619,185.50"
213,2024/07/23,200.00,3.52,202.00,191.30,193.20,"685,015","136,104,686.80"
214,2024/07/22,193.20,3.98,198.50,179.90,189.00,"685,170","129,436,148.10"
215,2024/07/21,185.80,2.09,187.00,177.30,185.60,"616,911","112,371,424.80"
216,2024/07/18,182.00,-2.15,192.40,180.00,189.70,"518,025","95,915,319.00"
217,2024/07/17,186.00,2.76,187.10,178.00,184.00,"739,487","136,162,713.10"
218,2024/07/16,181.00,8.58,181.90,165.00,168.00,"754,529","133,000,623.30"
219,2024/07/15,166.70,-1.94,174.00,165.00,170.00,"403,806","68,314,511.60"
220,2024/07/14,170.00,7.05,171.00,161.10,161.90,"493,392","82,448,519.90"
221,2024/07/11,158.80,3.12,159.60,153.00,156.00,"306,490","48,153,029.90"
222,2024/07/10,154.00,3.7,155.00,148.60,149.90,"172,182","26,280,479.50"
223,2024/07/09,148.50,-0.74,151.80,148.00,151.80,"59,782","8,928,716.00"
224,2024/07/08,149.60,-0.66,152.10,149.00,151.00,"52,649","7,887,559.10"
225,2024/07/07,150.60,1.07,151.90,147.50,150.00,"85,434","12,837,549.10"
226,2024/07/04,149.00,-1,153.50,148.40,153.50,"93,876","14,111,854.00"
227,2024/07/03,150.50,0,150.90,147.60,150.20,"53,506","8,018,777.10"
228,2024/07/02,150.50,3.08,157.80,147.00,148.90,"113,984","17,187,598.20"
229,2024/07/01,146.00,0.48,147.20,144.40,145.00,"23,850","3,482,656.20"
230,2024/06/30,145.30,-1.36,148.00,145.30,147.30,"36,212","5,289,179.60"
231,2024/06/27,147.30,0.2,149.00,146.50,148.00,"41,835","6,161,950.90"
232,2024/06/26,147.00,-0.14,150.10,146.80,150.10,"71,979","10,639,248.40"
233,2024/06/25,147.20,-1.6,152.00,147.20,150.00,"78,266","11,705,753.30"
234,2024/06/24,149.60,0.81,151.70,147.10,150.00,"99,272","14,819,602.30"
235,2024/06/23,148.40,0.54,150.00,147.00,147.80,"68,150","10,084,714.10"
236,2024/06/20,147.60,-2.89,154.00,147.50,154.00,"66,109","9,830,511.40"
237,2024/06/19,152.00,0.66,153.90,149.50,153.90,"34,835","5,244,830.80"
238,2024/06/18,151.00,-1.69,156.00,150.50,153.00,"146,316","22,321,518.90"
239,2024/06/16,153.60,1.25,160.00,149.80,153.00,"333,157","51,697,572.50"
240,2024/06/13,151.70,-0.2,154.00,149.00,154.00,"140,962","21,390,311.20"
241,2024/06/12,152.00,2.15,156.90,150.00,151.70,"226,502","34,701,842.20"
242,2024/06/11,148.80,3.26,150.00,145.10,146.00,"86,827","12,868,899.30"
243,2024/06/10,144.10,0.84,149.60,143.00,144.00,"58,332","8,500,422.70"
244,2024/06/09,142.90,-0.07,145.00,142.00,145.00,"32,429","4,625,303.00"
245,2024/06/06,143.00,0,144.90,141.60,144.90,"52,674","7,523,673.20"
246,2024/06/05,143.00,-1.31,146.00,143.00,143.90,"40,846","5,869,468.90"
247,2024/06/04,144.90,-1.36,149.80,144.00,149.80,"39,476","5,721,383.60"
248,2024/06/03,146.90,0.62,149.90,145.30,148.00,"34,122","5,003,100.90"
249,2024/06/02,146.00,-0.68,149.90,145.00,149.90,"59,528","8,697,484.70"
250,2024/05/30,147.00,-1.01,151.40,146.20,151.40,"60,362","8,924,974.40"
251,2024/05/29,148.50,-0.67,155.40,148.00,152.40,"57,451","8,611,180.70"
252,2024/05/27,149.50,0.95,152.20,148.00,150.00,"67,993","10,203,061.00"
253,2024/05/26,148.10,-2.57,155.00,148.10,155.00,"54,475","8,181,364.10"
254,2024/05/22,152.00,-1.23,156.10,151.40,155.00,"94,533","14,537,158.50"
255,2024/05/21,153.90,1.92,155.00,149.00,151.10,"123,763","18,895,539.60"
256,2024/05/20,151.00,-0.53,153.50,150.10,153.50,"112,434","17,014,615.00"
257,2024/05/19,151.80,1.2,152.90,147.00,150.00,"59,405","8,925,163.90"
258,2024/05/16,150.00,0,154.80,149.10,152.00,"67,737","10,288,971.90"
259,2024/05/15,150.00,1.21,159.10,148.60,150.00,"152,799","23,406,566.80"
260,2024/05/14,148.20,2.92,150.50,143.30,146.80,"77,887","11,426,138.20"
261,2024/05/13,144.00,1.12,144.20,141.00,142.40,"29,183","4,179,569.60"
262,2024/05/12,142.40,-1.04,146.70,142.00,146.60,"33,144","4,736,035.30"
263,2024/05/09,143.90,0.7,144.50,141.70,144.50,"42,367","6,035,415.70"
264,2024/05/08,142.90,-0.83,145.00,142.00,145.00,"23,213","3,313,995.50"
265,2024/05/07,144.10,-1.17,147.00,143.60,147.00,"34,809","5,030,252.50"
266,2024/05/06,145.80,-0.34,149.00,144.00,149.00,"43,135","6,265,557.00"
267,2024/05/05,146.30,-2.47,150.00,146.00,150.00,"47,215","6,940,485.90"
268,2024/05/02,150.00,-0.66,154.00,149.00,153.90,"38,977","5,888,943.50"
269,2024/04/30,151.00,2.65,156.00,147.00,147.10,"91,868","13,851,421.40"
270,2024/04/29,147.10,-0.88,151.30,147.00,150.00,"48,613","7,189,919.80"
271,2024/04/28,148.40,0.2,151.00,148.00,150.00,"48,387","7,200,462.50"
272,2024/04/25,148.10,-0.6,151.00,148.00,149.90,"55,116","8,190,450.40"
273,2024/04/24,149.00,-0.67,153.00,148.20,150.20,"39,109","5,880,009.40"
274,2024/04/22,150.00,-2.6,155.00,149.00,155.00,"47,696","7,221,291.70"
275,2024/04/21,154.00,3.36,154.00,147.00,148.00,"68,954","10,324,254.60"
276,2024/04/18,149.00,-0.67,153.00,148.00,150.00,"27,189","4,045,019.90"
277,2024/04/16,150.00,-1.64,152.00,149.10,150.50,"53,407","8,031,902.20"
278,2024/04/15,152.50,-1.61,155.50,152.50,155.50,"78,613","12,086,935.80"
279,2024/04/14,155.00,1.24,156.00,151.00,153.00,"112,114","17,328,202.90"
280,2024/04/10,153.10,-1.23,158.00,153.00,157.30,"96,351","14,936,079.30"
281,2024/04/09,155.00,1.97,159.00,152.70,154.00,"260,140","40,554,158.10"
282,2024/04/07,152.00,1.33,152.00,149.00,150.00,"87,366","13,139,962.70"
283,2024/04/04,150.00,0,151.90,148.00,151.90,"82,578","12,303,782.40"
284,2024/04/03,150.00,-0.6,152.00,148.60,150.50,"59,836","8,976,799.60"
285,2024/04/02,150.90,-0.07,153.90,149.00,149.00,"39,548","5,973,623.40"
286,2024/04/01,151.00,-0.66,154.00,150.00,152.00,"74,981","11,382,357.30"
287,2024/03/31,152.00,-0.65,156.00,151.90,155.00,"84,362","12,933,080.10"
288,2024/03/28,153.00,0,155.00,152.10,154.90,"84,674","12,989,746.40"
289,2024/03/27,153.00,-1.92,158.80,153.00,158.00,"57,506","8,877,828.20"
290,2024/03/26,156.00,2.7,157.60,152.20,153.90,"85,693","13,293,817.80"
291,2024/03/25,151.90,-2.06,155.20,151.00,153.00,"102,415","15,637,162.20"
292,2024/03/21,155.10,-2.45,162.00,154.90,156.30,"120,241","18,832,228.90"
293,2024/03/20,159.00,-0.93,163.50,159.00,161.00,"119,669","19,222,900.30"
294,2024/03/19,160.50,-1.83,166.70,160.40,166.50,"126,112","20,666,335.60"
295,2024/03/18,163.50,0.93,165.00,160.20,163.90,"167,968","27,262,820.50"
296,2024/03/17,162.00,-3.97,170.00,161.90,169.00,"208,275","34,352,383.10"
297,2024/03/14,168.70,2.55,178.00,163.00,163.00,"443,832","75,182,529.50"
298,2024/03/13,164.50,5.11,165.00,154.30,159.60,"380,704","61,288,434.60"
299,2024/03/12,156.50,1.95,158.00,153.00,156.50,"155,203","24,096,041.10"
300,2024/03/10,153.50,0,156.50,152.80,155.00,"115,089","17,766,105.10"
301,2024/03/07,153.50,0.99,155.90,152.60,154.90,"136,719","21,056,081.20"
302,2024/03/06,152.00,1,156.00,147.50,150.50,"172,763","26,208,097.40"
303,2024/03/05,150.50,-5.17,161.80,150.00,161.80,"261,799","40,341,100.20"
304,2024/03/04,158.70,9.98,158.70,147.10,147.10,"23,093","3,620,592.30"
305,2024/03/03,144.30,-1.03,148.00,141.20,145.00,"91,297","13,158,082.60"
306,2024/02/29,145.80,-2.15,151.70,144.00,151.70,"154,930","22,709,451.30"
307,2024/02/28,149.00,-2.61,154.30,148.00,153.10,"127,699","19,181,536.80"
308,2024/02/27,153.00,0,155.00,151.10,155.00,"103,516","15,840,590.10"
309,2024/02/26,153.00,0,155.40,150.20,150.20,"140,231","21,462,902.00"
310,2024/02/25,153.00,-7.1,167.00,148.30,167.00,"399,097","61,103,607.00"
311,2024/02/22,164.70,-3.97,174.90,163.70,174.90,"43,850","7,343,821.60"
312,2024/02/21,171.50,-3.11,180.00,171.50,180.00,"42,306","7,328,509.10"
313,2024/02/20,177.00,0.85,179.90,172.10,179.00,"37,839","6,652,462.30"
314,2024/02/18,175.50,-2.5,181.00,175.50,180.00,"19,485","3,455,186.30"
315,2024/02/15,180.00,-0.06,183.60,177.00,180.00,"44,217","7,953,254.10"
316,2024/02/14,180.10,-0.5,182.90,179.30,182.90,"31,400","5,678,893.60"
317,2024/02/13,181.00,-2.84,187.60,181.00,184.00,"43,602","7,999,120.20"
318,2024/02/12,186.30,1.53,187.60,180.40,181.00,"27,113","5,020,164.20"
319,2024/02/11,183.50,-0.81,191.00,183.10,188.00,"69,917","13,109,931.20"
320,2024/02/08,185.00,0.93,187.00,181.10,183.00,"32,418","5,967,303.70"
321,2024/02/07,183.30,-0.65,188.10,181.10,188.10,"16,809","3,083,274.50"
322,2024/02/06,184.50,0.82,185.50,179.40,183.00,"35,003","6,431,936.00"
323,2024/02/05,183.00,2.81,185.10,180.80,181.50,"28,611","5,190,451.80"
324,2024/02/04,178.00,-1.49,184.00,177.10,177.40,"25,565","4,568,763.20"
325,2024/02/01,180.70,-2.43,185.00,179.50,183.00,"51,292","9,268,419.20"
326,2024/01/31,185.20,-3.54,195.80,185.10,195.80,"39,367","7,427,110.40"
327,2024/01/30,192.00,1.64,192.00,186.00,190.00,"85,017","16,133,971.40"
328,2024/01/29,188.90,1.02,193.60,185.00,190.70,"60,397","11,331,501.10"
329,2024/01/28,187.00,3.95,191.40,177.40,181.00,"54,485","9,986,507.90"
330,2024/01/25,179.90,-2.23,191.00,178.00,187.60,"54,201","9,798,191.90"
331,2024/01/24,184.00,-1.6,195.00,183.40,183.40,"33,243","6,254,512.50"
332,2024/01/23,187.00,-1.06,195.80,183.50,189.00,"63,929","12,042,206.20"
333,2024/01/22,189.00,-2.98,198.60,187.50,198.60,"83,788","16,011,369.00"
334,2024/01/21,194.80,3.07,205.00,188.00,190.00,"201,668","39,805,291.70"
335,2024/01/18,189.00,4.3,197.40,169.00,182.00,"140,147","25,507,500.00"
336,2024/01/17,181.20,-2.05,203.50,180.00,188.70,"276,582","53,743,788.40"
337,2024/01/16,185.00,9.99,185.00,169.00,169.00,"177,248","32,029,723.50"
338,2024/01/14,168.20,7.13,170.00,160.00,160.10,"116,743","19,435,908.10"
339,2024/01/11,157.00,-1.88,162.00,155.50,162.00,"56,555","8,888,300.90"
340,2024/01/10,160.00,-2.38,165.00,160.00,165.00,"43,140","6,987,556.60"
341,2024/01/09,163.90,1.93,168.10,160.90,164.00,"61,989","10,254,949.40"
342,2024/01/08,160.80,0.5,164.50,157.00,157.00,"58,670","9,549,243.40"
343,2024/01/07,160.00,3.23,163.90,156.00,157.40,"84,273","13,547,330.60"
344,2024/01/04,155.00,-1.96,167.20,154.50,161.20,"73,447","11,909,434.10"
345,2024/01/03,158.10,5.54,158.10,147.00,147.00,"45,225","6,926,964.80"
346,2024/01/02,149.80,-4.59,156.00,147.10,156.00,"71,434","10,746,253.00"
347,2024/01/01,157.00,-4.27,167.20,157.00,167.20,"76,789","12,281,879.60"
348,2023/12/28,164.00,0,167.20,160.80,160.80,"49,575","8,106,071.50"
349,2023/12/27,164.00,0.37,179.00,161.50,166.00,"89,722","14,988,798.80"
350,2023/12/24,163.40,-2.21,182.50,163.40,170.00,"105,278","17,734,450.10"
351,2023/12/21,167.10,-6.12,181.00,167.10,181.00,"122,846","21,165,960.90"
352,2023/12/20,178.00,5.33,185.00,163.40,171.00,"117,618","20,176,576.70"
353,2023/12/19,169.00,0.6,171.00,161.70,165.10,"62,962","10,427,676.20"
354,2023/12/18,168.00,0.12,180.50,161.00,171.00,"147,614","25,274,116.40"
355,2023/12/17,167.80,9.67,168.10,143.30,153.00,"136,550","21,510,087.20"
356,2023/12/14,153.00,2.68,157.00,149.20,151.00,"68,512","10,459,102.40"
357,2023/12/13,149.00,9.96,149.00,135.00,137.00,"157,004","23,153,302.20"
358,2023/12/12,135.50,4.23,140.00,130.00,132.50,"100,255","13,476,212.40"
359,2023/12/11,130.00,-1.14,136.50,127.60,132.00,"137,710","18,034,001.30"
360,2023/12/10,131.50,8.23,132.00,122.00,122.00,"4,450","578,136.00"
361,2023/12/07,121.50,-1.14,124.40,120.00,122.00,"49,773","6,047,441.90"
362,2023/12/06,122.90,0.74,123.30,121.00,123.00,"9,279","1,134,389.70"
363,2023/12/05,122.00,-0.81,124.90,121.60,123.00,"21,848","2,680,526.20"
364,2023/12/04,123.00,-0.97,126.60,122.50,124.50,"16,470","2,040,738.50"
365,2023/12/03,124.20,-0.64,125.50,124.00,125.00,"9,178","1,145,183.60"
366,2023/11/30,125.00,-0.79,127.00,124.00,127.00,"13,188","1,644,045.30"
367,2023/11/29,126.00,-1.56,130.20,123.90,128.00,"17,387","2,193,477.00"
368,2023/11/28,128.00,0.47,129.00,126.30,128.80,"7,575","966,901.80"
369,2023/11/27,127.40,-0.93,132.50,127.40,131.00,"31,239","4,057,932.20"
370,2023/11/26,128.60,1.26,133.00,125.30,127.00,"27,106","3,491,608.70"
371,2023/11/23,127.00,0,129.50,120.00,129.50,"31,905","3,980,989.40"
372,2023/11/22,127.00,0.71,127.90,126.10,127.00,"5,618","714,294.40"
373,2023/11/21,126.10,-2.25,130.50,126.00,128.00,"3,812","483,824.00"
374,2023/11/20,129.00,-1.07,132.50,128.00,129.00,"14,840","1,932,190.90"
375,2023/11/09,130.40,1.48,131.90,121.40,128.00,"27,505","3,482,314.70"
376,2023/11/08,128.50,-0.39,134.10,128.50,131.40,"9,264","1,215,499.20"
377,2023/11/07,129.00,-0.23,132.00,129.00,130.30,"10,059","1,315,595.50"
378,2023/11/06,129.30,1.25,131.90,127.00,127.00,"16,031","2,087,784.00"
379,2023/11/05,127.70,-3.26,131.00,127.40,131.00,"14,997","1,927,382.90"
380,2023/11/02,132.00,-3.51,138.50,131.50,138.50,"10,557","1,396,961.00"
381,2023/11/01,136.80,3.71,136.80,130.00,133.00,"27,452","3,701,654.00"
382,2023/10/31,131.90,-0.83,132.60,130.00,130.40,"7,906","1,037,827.70"
383,2023/10/30,133.00,0.76,133.00,126.70,132.00,"17,138","2,235,406.80"
384,2023/10/29,132.00,5.71,134.60,126.00,126.00,"70,932","9,313,365.40"
385,2023/10/19,174.60,-0.23,181.50,174.00,177.00,"158,316","28,103,035.90"
386,2023/10/18,175.00,1.16,178.20,172.50,175.00,"47,996","8,425,934.60"
387,2023/10/17,173.00,-2.75,182.90,173.00,178.00,"39,571","7,023,091.90"
388,2023/10/16,177.90,-8.77,197.00,175.50,197.00,"60,863","10,939,005.20"
389,2023/10/12,195.00,-2.45,201.00,193.00,200.00,"30,273","5,936,353.50"
390,2023/10/11,199.90,0.96,212.70,196.70,200.00,"32,233","6,473,983.10"
391,2023/10/10,198.00,-2.94,211.00,196.00,207.00,"24,697","4,935,393.50"
392,2023/10/09,204.00,-2.86,212.00,195.10,211.00,"45,646","9,320,917.40"
393,2023/10/08,210.00,-8.7,233.00,210.00,233.00,"89,892","19,393,161.90"
394,2023/10/05,230.00,1.77,230.00,214.30,221.50,"45,389","9,978,381.00"
395,2023/10/04,226.00,-0.18,226.00,210.10,221.90,"49,025","10,724,826.50"
396,2023/10/03,226.40,7.81,226.40,206.20,210.00,"54,462","11,477,941.80"
397,2023/10/02,210.00,1.45,210.00,201.00,203.00,"62,166","12,819,104.30"
398,2023/10/01,207.00,-1.43,210.00,202.00,210.00,"40,333","8,295,097.00"
399,2023/09/27,210.00,2.44,217.00,197.00,205.00,"63,288","12,943,957.30"
400,2023/09/26,205.00,9.63,205.70,189.00,189.00,"52,139","10,408,532.30"
401,2023/09/25,187.00,0.59,193.80,182.30,186.00,"15,296","2,854,976.80"
402,2023/09/24,185.90,-1.95,192.00,182.60,190.00,"10,759","2,011,666.40"
403,2023/09/21,189.60,6.22,192.70,181.00,181.00,"26,455","5,015,937.30"
404,2023/09/19,178.50,6.57,182.00,166.00,167.50,"8,088","1,412,904.90"
405,2023/09/18,167.50,0.84,169.40,166.00,168.00,"8,611","1,442,929.30"
406,2023/09/17,166.10,-3.99,174.00,166.00,174.00,"6,059","1,019,859.60"
407,2023/09/13,173.00,4.85,177.00,164.50,165.00,"6,018","1,015,117.90"
408,2023/09/12,165.00,-0.9,168.50,159.90,168.50,"6,861","1,117,187.30"
409,2023/09/11,166.50,2.78,166.80,159.00,162.00,"18,269","3,001,858.80"
410,2023/09/10,162.00,-2.99,169.00,161.70,165.00,"7,764","1,267,815.00"
411,2023/09/07,167.00,-1.82,171.00,164.70,170.00,"10,410","1,743,128.50"
412,2023/09/05,170.10,-1.68,173.00,170.00,172.00,"1,905","324,950.00"
413,2023/09/04,173.00,0.58,174.00,168.60,172.00,"5,537","947,426.50"
414,2023/09/03,172.00,-0.92,172.00,166.50,172.00,"10,576","1,786,384.00"
415,2023/08/30,173.60,-0.86,177.00,173.60,174.90,"7,244","1,267,587.10"
416,2023/08/29,175.10,0.63,175.10,173.00,173.10,"1,969","343,897.70"
417,2023/08/28,174.00,0,177.00,172.00,175.90,"3,040","528,795.90"
418,2023/08/27,174.00,-2.79,179.00,174.00,179.00,"3,740","657,375.50"
419,2023/08/24,179.00,-3.71,187.00,177.00,187.00,"9,039","1,630,408.50"
420,2023/08/23,185.90,6.29,187.00,177.00,177.00,"11,119","2,030,132.10"
421,2023/08/22,174.90,0.52,175.00,171.30,175.00,"14,719","2,546,620.10"
422,2023/08/21,174.00,-2.25,177.00,173.00,177.00,"15,841","2,769,931.10"
423,2023/08/20,178.00,-2.2,184.00,176.00,184.00,"8,816","1,578,183.00"
424,2023/08/17,182.00,0.55,185.80,180.10,183.00,"7,879","1,443,970.40"
425,2023/08/16,181.00,-2.69,185.00,181.00,185.00,"10,940","1,993,169.80"
426,2023/08/15,186.00,-2.11,190.00,185.00,190.00,"5,828","1,088,487.30"
427,2023/08/14,190.00,-1.5,195.00,190.00,194.90,"5,869","1,123,712.70"
428,2023/08/13,192.90,0.94,194.90,191.20,193.00,"5,219","1,004,196.70"
429,2023/08/10,191.10,-2.7,197.40,190.00,194.00,"11,059","2,136,589.30"
430,2023/08/09,196.40,0.72,196.90,190.00,193.00,"12,150","2,340,245.50"
431,2023/08/08,195.00,-1.02,199.00,193.10,194.20,"7,175","1,402,362.00"
432,2023/08/07,197.00,-2.48,203.00,195.00,200.10,"16,650","3,295,508.70"
433,2023/08/06,202.00,-3.35,211.40,200.10,211.40,"8,190","1,668,236.70"
434,2023/08/03,209.00,-0.95,215.20,208.90,215.20,"3,925","825,707.00"
435,2023/08/02,211.00,0,211.00,207.00,210.80,"10,712","2,239,219.50"
436,2023/08/01,211.00,-2.76,217.00,211.00,215.00,"8,504","1,808,012.00"
437,2023/07/31,217.00,0.46,220.10,213.40,216.20,"8,913","1,920,733.00"
438,2023/07/30,216.00,0,219.00,213.30,219.00,"9,187","1,974,768.80"
439,2023/07/27,216.00,-0.92,220.30,215.50,218.00,"8,706","1,882,526.80"
440,2023/07/26,218.00,-1.36,223.00,218.00,221.00,"11,197","2,468,254.40"
441,2023/07/25,221.00,-1.34,224.00,221.00,224.00,"6,707","1,485,621.50"
442,2023/07/24,224.00,-0.88,230.00,222.00,230.00,"15,178","3,432,667.90"
443,2023/07/23,226.00,2.26,226.00,217.00,224.00,"19,502","4,356,176.80"
444,2023/07/20,221.00,2.31,223.00,215.20,219.00,"19,124","4,187,313.90"
445,2023/07/19,216.00,-2.26,220.00,215.50,218.10,"17,525","3,805,868.10"
446,2023/07/18,221.00,-0.45,224.50,218.40,222.00,"15,140","3,330,512.80"
447,2023/07/17,222.00,0,223.00,217.60,218.00,"15,134","3,350,277.10"
448,2023/07/16,222.00,0.54,225.00,216.20,225.00,"12,452","2,716,499.60"
449,2023/07/13,220.80,-2.21,234.80,220.80,229.00,"18,759","4,228,584.60"
450,2023/07/12,225.80,5.51,226.00,213.30,216.00,"29,611","6,569,604.20"
451,2023/07/11,214.00,-1.83,220.00,214.00,216.00,"9,224","1,986,299.10"
452,2023/07/10,218.00,-0.46,224.00,214.00,221.00,"22,643","4,940,652.00"
453,2023/07/09,219.00,-0.45,224.40,218.60,223.00,"31,028","6,839,240.70"
454,2023/07/06,220.00,-1.79,227.00,217.20,221.50,"29,962","6,616,045.70"
455,2023/07/05,224.00,-1.32,231.40,223.40,227.00,"28,656","6,447,040.00"
456,2023/07/04,227.00,-0.87,237.60,226.00,233.00,"11,071","2,537,120.10"
457,2023/07/03,229.00,-3.38,238.50,226.40,238.00,"40,511","9,410,060.60"
458,2023/07/02,237.00,-2.47,250.00,234.00,247.00,"62,277","15,029,556.30"
459,2023/06/28,243.00,4.29,250.90,226.50,234.00,"136,516","32,869,614.30"
460,2023/06/27,233.00,3.1,234.70,226.00,230.50,"14,746","3,403,473.70"
461,2023/06/26,226.00,0,238.00,224.50,230.50,"39,135","8,977,026.00"
462,2023/06/25,226.00,-1.31,232.00,222.00,231.00,"36,420","8,228,819.00"
463,2023/06/22,229.00,1.42,229.50,220.00,225.00,"23,026","5,158,854.00"
464,2023/06/21,225.80,-0.57,236.00,222.00,227.10,"32,260","7,286,143.70"
465,2023/06/20,227.10,-4.18,240.00,227.00,240.00,"26,546","6,196,913.60"
466,2023/06/19,237.00,-3.66,250.90,235.00,250.90,"32,526","7,843,542.70"
467,2023/06/18,246.00,0.99,246.00,239.00,239.00,"32,254","7,827,751.20"
468,2023/06/15,243.60,-0.45,246.00,238.00,246.00,"19,514","4,683,072.50"
469,2023/06/14,244.70,-0.93,251.90,240.10,244.10,"50,719","12,510,263.80"
470,2023/06/13,247.00,-0.2,251.00,245.00,251.00,"51,548","12,721,671.40"
471,2023/06/12,247.50,3.12,247.80,240.30,243.00,"40,415","9,888,939.20"
472,2023/06/11,240.00,0.13,246.80,238.00,243.00,"22,233","5,394,939.00"
473,2023/06/08,239.70,-1.24,246.00,235.00,246.00,"15,349","3,648,124.00"
474,2023/06/07,242.70,0.71,247.00,238.00,241.00,"27,412","6,670,598.60"
475,2023/06/06,241.00,3.21,244.00,231.10,231.10,"36,241","8,704,647.90"
476,2023/06/05,233.50,-2.1,242.00,233.50,240.00,"27,076","6,403,710.60"
477,2023/06/04,238.50,2.89,245.80,235.00,236.40,"20,207","4,804,978.90"
478,2023/06/01,231.80,1.71,235.00,222.00,229.90,"21,842","5,004,087.00"
479,2023/05/31,227.90,-1.56,239.30,224.30,227.00,"44,204","10,097,254.10"
480,2023/05/30,231.50,-2.53,238.40,230.00,238.00,"41,322","9,651,497.40"
481,2023/05/28,237.50,0.3,251.90,236.00,239.90,"66,284","16,203,247.70"
482,2023/05/24,236.80,0.98,239.00,229.00,235.00,"27,940","6,513,588.50"
483,2023/05/23,234.50,3.44,237.00,227.00,229.50,"40,760","9,549,020.90"
484,2023/05/22,226.70,-1,233.00,225.00,231.50,"13,558","3,098,641.30"
485,2023/05/21,229.00,0,236.90,226.00,229.00,"29,786","6,886,727.20"
486,2023/05/18,229.00,4.09,230.90,221.00,221.00,"30,888","7,029,651.60"
487,2023/05/17,220.00,0.92,225.00,217.00,220.00,"27,263","6,042,071.70"
488,2023/05/16,218.00,0.69,219.60,211.10,212.20,"9,913","2,156,122.00"
489,2023/05/15,216.50,0.7,218.00,211.00,214.00,"8,956","1,932,994.30"
490,2023/05/14,215.00,-2.18,221.90,212.00,221.90,"18,592","4,004,850.60"
491,2023/05/11,219.80,0.83,220.40,214.00,214.00,"7,590","1,646,704.90"
492,2023/05/10,218.00,-1.8,222.90,215.00,222.00,"7,112","1,553,489.10"
493,2023/05/09,222.00,-0.89,228.90,216.00,222.00,"11,940","2,672,495.70"
494,2023/05/08,224.00,-2.57,229.90,210.00,229.90,"90,627","19,656,884.90"
495,2023/05/07,229.90,-5.82,244.00,224.90,240.00,"16,571","3,857,561.50"
496,2023/05/04,244.10,-1.13,248.00,239.20,246.80,"14,040","3,417,925.60"
497,2023/05/03,246.90,-1.24,253.00,242.00,248.50,"9,090","2,232,084.50"
498,2023/05/02,250.00,-1.73,255.00,247.00,255.00,"11,037","2,764,420.40"
499,2023/04/30,254.40,-0.59,261.00,252.00,261.00,"12,970","3,289,051.90"
500,2023/04/27,255.90,-0.04,259.00,253.10,259.00,"12,120","3,082,004.40"
501,2023/04/26,256.00,-1.92,263.00,255.10,263.00,"13,888","3,563,039.30"
502,2023/04/25,261.00,1.6,262.00,255.00,260.00,"13,064","3,375,170.60"
503,2023/04/24,256.90,0.75,263.00,250.00,255.00,"20,781","5,317,372.80"
504,2023/04/23,255.00,-1.54,259.50,253.00,256.00,"18,668","4,761,399.50"
505,2023/04/20,259.00,-1.52,266.50,258.10,266.50,"8,147","2,126,330.60"
506,2023/04/19,263.00,0.38,264.90,257.00,264.90,"48,093","12,470,977.20"
507,2023/04/18,262.00,-0.68,268.90,258.70,258.70,"21,480","5,610,274.50"
508,2023/04/17,263.80,-1.93,269.70,262.00,269.00,"33,497","8,852,134.80"
509,2023/04/16,269.00,0.75,272.30,266.00,272.30,"28,947","7,789,671.90"
510,2023/04/13,267.00,-3.26,286.00,267.00,281.50,"37,891","10,306,458.40"
511,2023/04/12,276.00,4.9,277.00,266.00,268.30,"52,650","14,348,714.20"
512,2023/04/11,263.10,1.19,265.20,258.80,264.00,"19,361","5,075,182.60"
513,2023/04/10,260.00,0.66,268.50,259.00,263.30,"25,809","6,712,346.80"
514,2023/04/09,258.30,-4.33,278.00,258.30,275.00,"60,814","16,127,302.30"
515,2023/04/06,270.00,-1.39,279.20,265.00,279.20,"22,161","5,978,020.00"
516,2023/04/05,273.80,1.97,275.00,265.00,273.80,"37,840","10,255,326.50"
517,2023/04/04,268.50,3.67,270.00,259.10,264.10,"55,335","14,594,825.20"
518,2023/04/03,259.00,-0.77,265.40,254.00,258.00,"22,763","5,853,220.50"
519,2023/04/02,261.00,-2.61,271.00,258.00,268.00,"23,637","6,228,578.00"
520,2023/03/30,268.00,-1.03,273.20,267.00,270.00,"12,087","3,240,370.20"
521,2023/03/29,270.80,0.3,270.90,265.20,265.20,"4,589","1,231,586.40"
522,2023/03/28,270.00,0,280.50,265.00,275.30,"25,823","6,991,821.90"
523,2023/03/27,270.00,2.31,272.20,258.70,269.10,"18,046","4,752,259.10"
524,2023/03/26,263.90,-1.27,268.00,259.00,268.00,"22,318","5,855,576.00"
525,2023/03/23,267.30,-1.4,271.90,266.00,266.70,"17,981","4,825,913.30"
526,2023/03/22,271.10,-1.95,278.90,271.00,275.00,"33,336","9,150,340.60"
527,2023/03/20,276.50,2.03,276.90,267.00,274.00,"55,727","15,291,187.50"
528,2023/03/19,271.00,0.22,274.00,267.10,270.40,"17,724","4,796,592.20"
529,2023/03/16,270.40,0.15,275.00,266.00,266.30,"20,759","5,636,927.90"
530,2023/03/15,270.00,-1.14,275.00,268.00,272.00,"16,139","4,364,065.50"
531,2023/03/14,273.10,1.52,275.00,267.00,270.00,"25,951","7,061,739.30"
532,2023/03/13,269.00,-0.99,277.10,260.00,277.10,"27,061","7,295,728.40"
533,2023/03/12,271.70,-0.84,278.40,270.00,275.00,"70,091","19,183,515.20"
534,2023/03/09,274.00,5.38,274.00,263.00,264.00,"59,149","15,836,091.00"
535,2023/03/07,260.00,3.17,262.00,253.00,257.00,"13,786","3,563,357.40"
536,2023/03/05,252.00,-2.7,264.10,252.00,262.80,"24,926","6,373,068.20"
537,2023/03/02,259.00,-3,267.00,258.30,262.00,"31,012","8,129,504.80"
538,2023/03/01,267.00,-0.74,270.00,265.10,270.00,"16,405","4,375,318.80"
539,2023/02/28,269.00,-2.18,280.50,265.60,280.50,"23,306","6,329,225.20"
540,2023/02/27,275.00,0.36,279.40,260.10,279.40,"41,384","11,091,234.60"
541,2023/02/26,274.00,2.51,274.80,253.90,262.00,"53,329","13,957,180.10"
542,2023/02/23,267.30,-4.19,282.00,265.10,282.00,"61,709","16,555,418.60"
543,2023/02/22,279.00,5.68,279.30,265.00,265.00,"27,185","7,467,853.90"
544,2023/02/20,264.00,-0.38,269.30,260.60,269.30,"25,974","6,831,788.30"
545,2023/02/16,265.00,-3.64,280.50,263.10,280.50,"33,942","9,103,181.40"
546,2023/02/15,275.00,-1.43,284.50,273.30,276.00,"36,677","10,121,445.60"
547,2023/02/14,279.00,-1.41,288.50,274.40,288.50,"34,952","9,716,978.20"
548,2023/02/12,283.00,-4.39,291.00,278.90,291.00,"83,314","23,623,639.60"
549,2023/02/09,296.00,1.02,296.00,287.20,293.00,"60,213","17,603,720.30"
550,2023/02/08,293.00,-0.68,302.00,289.00,300.00,"61,847","18,147,678.60"
551,2023/02/07,295.00,7.31,297.80,276.00,276.00,"86,600","24,873,735.40"
552,2023/02/06,274.90,0.7,277.40,270.00,270.00,"29,030","7,930,677.80"
553,2023/02/05,273.00,-0.55,283.90,271.00,278.00,"49,691","13,781,339.50"
554,2023/02/02,274.50,-1.96,284.60,271.50,284.60,"52,418","14,385,775.30"
555,2023/02/01,280.00,1.08,286.00,271.60,282.50,"42,031","11,719,558.00"
556,2023/01/31,277.00,-2.12,290.70,274.00,278.00,"61,315","17,156,794.10"
557,2023/01/30,283.00,-4.71,299.90,280.80,299.90,"89,862","25,768,836.10"
558,2023/01/29,297.00,-0.34,305.00,287.00,292.10,"99,212","29,580,600.00"
559,2023/01/26,298.00,2.41,309.00,292.10,295.90,"99,047","29,694,726.10"
560,2023/01/25,291.00,5.24,300.00,275.00,278.70,"168,423","48,932,168.30"
561,2023/01/24,276.50,0.55,277.00,265.90,276.00,"48,064","13,042,291.70"
562,2023/01/23,275.00,-3.85,289.00,271.00,288.00,"69,792","19,387,066.50"
563,2023/01/19,286.00,0.88,289.00,277.90,280.00,"66,579","18,951,551.50"
564,2023/01/18,283.50,-0.46,297.00,278.40,290.00,"122,604","35,289,182.60"
565,2023/01/17,284.80,9.96,284.90,256.00,264.00,"87,550","23,897,940.50"
566,2023/01/12,259.00,-5.2,295.00,254.00,278.60,"129,473","34,736,792.80"
567,2023/01/10,273.20,-2.78,300.00,266.00,284.30,"150,333","43,121,474.10"
568,2023/01/09,281.00,9.34,281.80,260.00,262.00,"136,404","37,469,884.20"
569,2023/01/08,257.00,0.74,270.30,250.20,257.00,"121,405","31,534,965.00"
570,2023/01/05,255.10,2.86,261.00,249.00,251.00,"97,945","25,092,728.40"
571,2023/01/04,248.00,5.53,250.00,233.00,233.00,"111,602","27,147,814.30"
572,2023/01/03,235.00,-1.26,243.30,230.00,238.00,"68,572","16,112,785.20"
573,2023/01/02,238.00,0,240.70,233.00,238.00,"43,064","10,257,895.50"
574,2023/01/01,238.00,-0.42,246.00,230.00,242.60,"52,768","12,486,391.40"
575,2022/12/29,239.00,0.42,242.40,231.50,234.00,"63,300","15,117,647.40"
576,2022/12/28,238.00,0.89,252.00,226.00,234.00,"58,888","13,872,293.30"
577,2022/12/27,235.90,2.21,248.00,233.30,235.40,"154,524","37,187,943.60"
578,2022/12/26,230.80,9.96,230.80,214.00,214.00,"164,351","37,205,528.00"
579,2022/12/22,209.90,3.4,210.00,193.40,203.00,"84,321","17,063,711.30"
580,2022/12/21,203.00,9.14,203.00,181.50,185.00,"31,554","6,092,524.40"
581,2022/12/20,186.00,2.14,193.10,180.00,180.00,"8,292","1,562,497.10"
582,2022/12/19,182.10,2.02,185.60,179.00,181.00,"10,834","1,974,798.20"
583,2022/12/18,178.50,-4.03,192.00,177.00,189.00,"13,990","2,526,309.50"
584,2022/12/15,186.00,-2.36,194.00,186.00,194.00,"10,114","1,901,343.40"
585,2022/12/14,190.50,-1.3,196.80,190.50,196.80,"10,158","1,963,091.10"
586,2022/12/13,193.00,-0.52,197.80,191.00,196.10,"7,485","1,441,363.60"
587,2022/12/12,194.00,3.08,196.00,188.00,191.90,"18,527","3,566,750.30"
588,2022/12/11,188.20,-3.98,198.40,188.20,195.50,"18,831","3,610,025.20"
589,2022/12/07,196.00,-1.46,202.00,192.00,202.00,"11,344","2,232,936.20"
590,2022/12/06,198.90,-0.05,203.00,196.00,200.00,"18,363","3,651,901.20"
591,2022/12/05,199.00,-2.97,207.00,194.10,203.00,"24,316","4,847,145.90"
592,2022/12/04,205.10,-0.92,211.10,203.00,211.10,"21,970","4,537,743.30"
593,2022/12/01,207.00,-2.63,214.00,206.00,213.00,"28,719","6,013,898.80"
594,2022/11/30,212.60,-1.57,214.90,209.00,213.00,"19,567","4,153,485.10"
595,2022/11/29,216.00,0.84,217.00,209.00,210.00,"27,853","5,925,318.40"
596,2022/11/28,214.20,-1.2,227.00,207.00,219.90,"124,824","26,607,791.00"
597,2022/11/27,216.80,-1,222.90,211.00,222.90,"48,063","10,365,181.10"
598,2022/11/24,219.00,6.83,225.50,207.00,209.10,"119,649","25,989,288.20"
599,2022/11/23,205.00,9.98,205.00,186.30,189.50,"99,559","19,887,807.10"
600,2022/11/22,186.40,-1.27,204.00,186.40,191.00,"32,274","6,251,471.00"
601,2022/11/17,188.80,4.37,189.00,181.30,184.50,"15,600","2,898,849.10"
602,2022/11/16,180.90,1.12,182.00,179.00,180.00,"8,384","1,509,926.00"
603,2022/11/15,178.90,-1.92,186.00,176.40,184.00,"11,653","71,560.00"
604,2022/11/15,178.90,-1.92,186.00,176.40,184.00,"11,653","2,036,006.80"
605,2022/11/13,176.50,1.44,182.00,170.00,174.00,"9,336","1,641,690.80"
606,2022/11/13,176.50,1.44,182.00,170.00,174.00,"9,336","1,567,340.80"
607,2022/11/10,174.00,-2.25,182.00,172.20,180.90,"10,660","1,873,232.50"
608,2022/11/09,178.00,-6.37,187.00,178.00,187.00,"29,003","5,278,445.60"
609,2022/11/08,190.10,-3.01,199.00,189.30,199.00,"13,325","2,572,832.20"
610,2022/11/07,196.00,2.62,206.00,187.00,191.00,"39,366","7,672,968.40"
611,2022/11/06,191.00,3.3,193.80,182.00,182.00,"9,349","1,764,856.90"
612,2022/11/03,184.90,-0.05,187.00,181.50,187.00,"6,016","1,109,389.10"
613,2022/11/02,185.00,4.17,189.90,178.20,180.00,"35,411","6,515,239.60"
614,2022/11/01,177.60,7.77,179.20,165.00,166.00,"11,739","2,031,082.70"
615,2022/10/31,164.80,-0.84,167.50,164.20,167.50,"4,306","713,737.90"
616,2022/10/23,166.20,0.12,169.40,165.00,168.00,"8,927","1,482,060.50"
617,2022/10/20,166.00,-1.19,170.00,164.70,164.70,"3,665","615,821.00"
618,2022/10/19,168.00,-2.38,173.40,166.80,170.00,"11,788","1,989,428.20"
619,2022/10/17,172.10,-1.66,174.00,171.20,172.00,"3,214","552,428.00"
620,2022/10/16,175.00,-2.34,182.70,173.10,182.70,"6,958","1,213,264.80"
621,2022/10/13,179.20,-0.99,187.60,175.60,184.00,"10,357","1,866,793.40"
622,2022/10/12,181.00,4.02,184.70,173.00,177.00,"9,021","1,605,378.50"
623,2022/10/11,174.00,-1.69,176.00,173.50,174.60,"3,381","590,487.00"
624,2022/10/10,177.00,-2.21,183.50,176.10,181.10,"5,008","898,147.00"
625,2022/10/09,181.00,4.62,187.20,175.00,175.00,"4,983","895,392.90"
626,2022/09/29,173.00,-1.14,177.50,171.00,176.50,"6,170","1,069,282.50"
627,2022/09/28,175.00,-0.57,175.00,172.60,172.60,"4,519","783,100.20"
628,2022/09/27,176.00,1.15,184.60,171.50,174.00,"12,508","2,200,737.20"
629,2022/09/25,174.00,-1.69,175.90,170.60,175.90,"9,155","1,581,721.40"
630,2022/09/22,177.00,-1.28,183.00,174.00,181.00,"6,903","1,226,734.80"
631,2022/09/21,179.30,0.17,185.00,178.40,182.00,"10,010","1,818,068.40"
632,2022/09/20,179.00,-4.02,184.00,176.40,183.00,"16,797","3,013,386.80"
633,2022/09/18,186.50,-3.37,190.10,186.20,189.20,"13,134","2,469,538.90"
634,2022/09/16,193.00,-1.03,196.80,187.30,191.10,"14,030","2,668,197.50"
635,2022/09/15,195.00,-6.34,210.00,193.20,210.00,"34,308","6,858,953.00"
636,2022/09/14,208.20,3.58,213.00,200.00,201.90,"43,901","9,007,106.70"
637,2022/09/13,201.00,2.55,202.00,197.00,198.00,"9,822","1,966,186.30"
638,2022/09/12,196.00,0,202.00,193.00,199.00,"9,936","1,957,081.30"
639,2022/09/11,196.00,-4.34,205.00,196.00,204.90,"24,874","4,927,644.40"
640,2022/09/08,204.90,1.99,206.00,196.00,201.90,"12,995","2,612,566.40"
641,2022/09/07,200.90,0.45,203.90,198.10,198.10,"5,257","1,050,833.80"
642,2022/09/06,200.00,-3.38,205.50,200.00,204.90,"14,117","2,833,114.50"
643,2022/09/05,207.00,0.49,209.80,206.00,209.00,"10,066","2,094,019.70"
644,2022/09/04,206.00,1.48,209.00,200.00,206.00,"14,625","2,979,989.90"
645,2022/09/02,203.00,-0.98,209.00,203.00,208.00,"8,655","1,777,424.70"
646,2022/09/01,205.20,2.09,211.00,198.00,198.00,"17,105","4,049,456.00"
647,2022/08/31,201.00,-4.29,213.00,200.90,213.00,"16,055","3,251,298.10"
648,2022/08/30,210.00,-0.47,215.20,206.00,207.00,"3,630","763,444.00"
649,2022/08/29,211.00,0.91,213.00,204.40,213.00,"15,229","3,160,262.50"
650,2022/08/28,209.10,-4.3,220.00,207.00,220.00,"36,945","7,762,109.50"
651,2022/08/26,218.50,-2.02,224.00,215.00,224.00,"18,170","3,947,146.10"
652,2022/08/25,223.00,-1.76,229.90,220.00,223.10,"18,740","4,160,376.40"
653,2022/08/24,227.00,-0.22,232.00,223.90,227.00,"17,126","3,892,584.50"
654,2022/08/23,227.50,-0.87,230.00,223.30,230.00,"12,531","2,819,352.50"
655,2022/08/22,229.50,-1.08,232.90,222.90,227.40,"13,664","3,101,242.70"
656,2022/08/21,232.00,-1.9,238.00,223.00,231.80,"22,701","5,254,943.30"
657,2022/08/18,236.50,4.65,244.00,225.40,230.00,"25,276","5,875,080.50"
658,2022/08/17,226.00,-0.62,231.00,223.00,229.90,"17,103","3,870,430.00"
659,2022/08/16,227.40,-3.23,244.00,224.00,237.00,"23,594","5,477,768.30"
660,2022/08/15,235.00,7.31,236.00,218.00,223.00,"29,457","6,733,095.00"
661,2022/08/14,219.00,-2.45,231.00,218.00,220.10,"27,219","6,072,030.70"
662,2022/08/11,224.50,-3.65,240.00,222.00,237.60,"26,814","6,123,879.00"
663,2022/08/10,233.00,-0.13,243.90,225.70,234.00,"32,221","7,482,241.10"
664,2022/08/09,233.30,-6.68,250.00,233.30,250.00,"41,974","10,044,154.30"
665,2022/08/08,250.00,-2.34,260.00,241.10,260.00,"47,784","11,891,711.40"
666,2022/08/07,256.00,-0.39,262.50,252.90,260.00,"57,347","14,742,141.40"
667,2022/08/05,257.00,0.31,266.00,252.00,257.00,"82,976","21,614,565.20"
668,2022/08/04,256.20,4.15,262.10,238.50,248.00,"153,163","38,967,134.30"
669,2022/08/03,246.00,2.5,249.60,240.00,244.00,"50,187","12,281,079.30"
670,2022/08/02,240.00,3,241.00,229.00,233.10,"55,765","13,180,711.90"
671,2022/08/01,233.00,-0.43,244.80,230.50,234.00,"54,842","12,966,295.90"
672,2022/07/31,234.00,0.43,241.90,231.00,235.00,"44,340","10,466,597.00"
673,2022/07/29,233.00,-1.77,240.00,232.60,239.00,"16,979","3,999,762.00"
674,2022/07/28,237.20,0.08,249.90,223.50,239.00,"62,015","14,999,715.50"
675,2022/07/27,237.00,6.76,239.00,215.00,218.00,"83,189","19,055,057.10"
676,2022/07/26,222.00,-0.45,237.10,218.90,223.00,"61,904","14,028,754.80"
677,2022/07/25,223.00,5.09,227.00,214.00,216.00,"50,702","10,108,373.10"
678,2022/07/24,212.20,4.53,214.20,202.10,207.00,"21,261","4,431,709.60"
679,2022/07/22,203.00,-0.49,204.00,197.00,200.10,"11,791","2,368,381.00"
680,2022/07/21,204.00,-1.78,209.00,203.00,205.00,"11,227","2,295,899.60"
681,2022/07/20,207.70,0.29,211.00,203.10,210.90,"20,300","4,185,769.00"
682,2022/07/19,207.10,-0.81,214.00,205.00,209.00,"26,994","5,706,277.60"
683,2022/07/18,208.80,0.87,208.90,203.10,203.10,"8,855","1,826,375.50"
684,2022/07/17,207.00,-0.48,209.20,203.90,208.00,"5,459","1,130,045.00"
685,2022/07/15,208.00,-2.3,213.00,206.00,212.90,"8,272","1,729,848.50"
686,2022/07/14,212.90,0.9,217.90,205.00,215.00,"16,699","3,514,123.70"
687,2022/07/13,211.00,8.21,211.00,196.20,198.00,"19,664","4,025,033.10"
688,2022/07/12,195.00,1.56,200.00,186.20,195.00,"36,179","6,950,927.90"
689,2022/07/11,192.00,-6.39,204.00,190.00,204.00,"27,310","5,308,879.80"
690,2022/07/08,205.10,-2.33,209.00,205.00,208.00,"15,026","3,101,957.00"
691,2022/07/07,210.00,-1.41,225.00,208.00,217.00,"22,049","4,671,939.40"
692,2022/07/06,213.00,0.95,217.00,203.50,214.00,"32,922","6,910,719.90"
693,2022/07/05,211.00,-6.6,230.40,210.00,230.40,"38,113","8,277,139.50"
694,2022/07/04,225.90,3.15,232.50,214.70,223.00,"48,472","10,852,508.50"
695,2022/07/03,219.00,7.35,221.00,202.00,207.00,"30,402","6,463,252.50"
696,2022/07/01,204.00,-0.97,211.20,202.00,209.00,"12,851","2,654,244.60"
697,2022/06/30,206.00,6.19,210.00,194.10,197.50,"30,965","6,311,544.60"
698,2022/06/29,194.00,4.3,195.00,178.70,183.00,"28,916","5,538,066.70"
699,2022/06/28,186.00,-3.63,192.60,185.00,189.20,"14,938","2,804,135.50"
700,2022/06/27,193.00,-3.06,207.00,193.00,203.00,"32,481","6,470,404.40"
701,2022/06/26,199.10,10,199.10,181.00,183.00,"33,023","6,431,472.60"
701,2022/06/24,181.00,-5.04,193.00,171.60,189.50,"30,420","5,522,604.90"
702,2022/06/23,190.60,1.93,190.60,169.00,184.00,"32,680","5,724,034.40"
703,2022/06/22,187.00,-5.56,201.90,187.00,201.90,"8,051","1,529,797.90"
704,2022/06/21,198.00,4.21,198.90,186.20,186.20,"19,070","3,684,264.50"
705,2022/06/20,190.00,-2.56,198.00,183.00,192.00,"27,893","5,207,338.70"
706,2022/06/19,195.00,-4.41,207.90,194.30,207.90,"10,561","2,090,717.10"
707,2022/06/17,204.00,0.49,206.90,202.00,206.90,"19,700","4,007,830.50"
708,2022/06/16,203.00,0.25,210.10,198.50,199.00,"10,871","2,231,209.80"
709,2022/06/15,202.50,-1.46,209.00,198.10,202.00,"10,565","2,139,128.00"
710,2022/06/14,205.50,-3.02,211.10,205.00,211.00,"17,708","3,675,248.50"
711,2022/06/13,211.90,-1.44,215.00,210.00,211.50,"18,986","4,021,932.60"
712,2022/06/10,215.00,-0.92,221.30,213.00,221.30,"14,988","3,230,894.10"
713,2022/06/09,217.00,-2.47,229.00,215.10,225.00,"23,155","5,154,275.00"
714,2022/06/08,222.50,3.49,229.90,211.00,218.80,"19,668","4,364,348.00"
715,2022/06/07,215.00,-2.71,225.40,213.00,225.40,"14,696","3,169,509.30"
716,2022/06/06,221.00,0.45,226.90,217.60,223.00,"26,251","5,858,602.30"
717,2022/06/03,220.00,-1.12,226.50,216.00,226.50,"19,103","4,180,881.70"
718,2022/06/02,222.50,-0.98,229.10,219.60,229.10,"7,807","1,741,643.40"
719,2022/06/01,224.70,0.76,229.30,220.00,225.00,"10,430","2,327,403.50"
720,2022/05/31,223.00,-0.45,232.00,220.00,221.00,"13,153","2,962,723.60"
721,2022/05/30,224.00,-3.86,237.50,222.10,237.50,"10,904","2,460,943.10"
722,2022/05/27,233.00,-1.27,245.00,230.30,239.70,"9,733","2,280,459.60"
723,2022/05/26,236.00,0.43,244.40,232.00,239.60,"8,685","2,053,498.50"
724,2022/05/25,235.00,0.21,243.00,234.00,238.90,"18,303","4,365,366.00"
725,2022/05/24,234.50,3.17,238.00,225.10,225.10,"10,737","2,522,027.50"
726,2022/05/23,227.30,-2.86,233.00,225.00,233.00,"11,658","2,673,935.20"
727,2022/05/20,234.00,-0.43,239.00,230.90,231.20,"9,338","2,173,371.70"
728,2022/05/19,235.00,-2.08,248.50,230.50,244.80,"20,026","4,784,417.30"
729,2022/05/18,240.00,3.9,247.90,222.20,227.00,"17,829","4,201,786.10"
730,2022/05/17,231.00,-6.85,244.00,230.00,243.10,"16,150","3,823,682.40"
731,2022/05/12,248.00,-1.98,263.00,245.10,256.00,"47,573","12,130,957.60"
732,2022/05/11,253.00,5.42,253.00,238.30,240.00,"29,766","7,366,388.70"
733,2022/05/10,240.00,6.19,240.00,229.00,229.00,"20,847","4,924,379.30"
734,2022/05/09,226.00,-2.59,239.00,225.40,234.50,"22,530","5,236,351.50"
735,2022/05/08,232.00,8.82,233.00,209.00,211.00,"21,264","4,600,908.20"
736,2022/05/05,213.20,-6.86,230.00,212.00,230.00,"23,686","5,157,890.30"
737,2022/05/04,228.90,-0.48,234.60,217.00,230.00,"21,120","4,785,622.50"
738,2022/05/02,230.00,-6.54,242.00,225.70,242.00,"24,332","5,614,288.40"
739,2022/04/28,246.10,-2.34,258.90,241.00,255.00,"21,417","5,333,831.60"
740,2022/04/27,252.00,1.2,255.80,245.00,253.90,"21,462","5,377,041.50"
741,2022/04/26,249.00,-0.2,259.50,244.60,254.40,"18,799","4,722,729.40"
742,2022/04/25,249.50,1.71,265.50,244.10,250.20,"54,823","13,937,846.20"
743,2022/04/24,245.30,10,245.30,226.10,227.00,"33,247","7,901,716.00"
744,2022/04/21,223.00,-6.3,242.70,217.60,242.70,"33,702","7,713,336.50"
745,2022/04/20,238.00,-4.8,254.00,236.20,245.00,"15,193","3,665,993.00"
746,2022/04/19,250.00,0.08,256.00,237.00,250.00,"18,359","4,568,298.30"
747,2022/04/18,249.80,-5.81,261.10,247.00,259.90,"24,667","6,260,646.50"
748,2022/04/17,265.20,-3.18,279.00,260.00,276.00,"13,683","3,672,424.30"
749,2022/04/13,273.90,1.07,279.00,263.80,271.00,"24,337","6,622,563.80"
750,2022/04/12,271.00,-5.9,285.00,268.00,282.30,"36,414","10,068,570.80"
751,2022/04/11,288.00,-2.37,306.00,280.00,299.00,"31,847","9,358,549.40"
752,2022/04/07,295.00,3.51,299.90,284.10,285.00,"38,865","11,392,787.40"
753,2022/04/06,285.00,-1.38,295.80,280.40,283.30,"24,319","6,996,254.20"
754,2022/04/05,289.00,-3.34,298.90,284.20,293.10,"41,821","12,076,578.90"
755,2022/04/04,299.00,0,304.90,295.20,299.00,"27,101","8,070,952.50"
756,2022/04/03,299.00,-1.97,310.90,297.00,305.00,"28,466","8,540,110.40"
757,2022/03/31,305.00,-4.06,323.30,303.00,311.60,"31,236","9,708,037.70"
758,2022/03/30,317.90,3.55,318.00,300.90,300.90,"26,619","8,313,236.70"
759,2022/03/29,307.00,0,314.00,300.90,300.90,"20,491","6,275,001.30"
760,2022/03/28,307.00,-4.06,321.90,307.00,313.60,"32,174","10,026,420.00"
761,2022/03/27,320.00,-0.93,329.40,310.10,329.40,"47,570","14,985,877.00"
762,2022/03/24,323.00,-0.31,332.50,315.20,324.00,"42,701","13,781,934.70"
763,2022/03/23,324.00,-2.41,338.00,321.00,326.00,"22,361","7,274,245.60"
764,2022/03/22,332.00,1.16,341.00,321.70,321.70,"37,296","12,516,524.60"
765,2022/03/21,328.20,1.93,332.90,319.00,322.00,"25,908","8,464,860.60"
766,2022/03/20,322.00,0,331.00,321.10,325.00,"21,158","6,813,656.10"
767,2022/03/16,322.00,-3.01,336.90,322.00,328.00,"39,012","12,691,807.70"
768,2022/03/15,332.00,3.65,334.50,320.30,326.60,"40,745","13,313,290.30"
769,2022/03/14,320.30,-2.05,333.50,320.00,333.50,"17,679","5,731,049.20"
770,2022/03/13,327.00,4.14,336.50,320.00,320.20,"44,628","14,620,198.80"
771,2022/03/10,314.00,2.95,323.80,299.00,300.00,"41,475","13,004,349.80"
772,2022/03/09,305.00,-3.79,321.00,300.00,320.00,"52,856","16,182,790.50"
773,2022/03/07,317.00,-1.55,334.00,315.00,318.00,"53,534","17,104,482.60"
774,2022/03/06,322.00,-0.31,332.00,321.00,329.40,"27,539","8,951,738.30"
775,2022/03/02,323.00,-3.58,340.00,318.00,330.00,"65,608","21,303,232.60"
776,2022/02/28,335.00,-6.42,372.30,334.00,358.00,"109,853","38,286,845.30"
777,2022/02/27,358.00,-2.45,377.00,356.10,367.00,"74,769","27,224,585.50"
778,2022/02/24,367.00,-3.17,397.80,362.50,382.00,"137,710","51,507,924.70"
779,2022/02/23,379.00,9.22,380.00,349.90,353.00,"346,585","128,524,294.90"
780,2022/02/22,347.00,5.15,352.00,332.00,336.60,"92,357","31,879,523.20"
781,2022/02/21,330.00,1.54,334.00,325.00,331.00,"19,969","6,593,277.50"
782,2022/02/20,325.00,0.31,335.70,309.90,320.00,"69,570","22,436,998.30"
783,2022/02/17,324.00,-0.92,328.00,320.70,321.20,"22,444","7,290,389.30"
784,2022/02/16,327.00,-3.71,346.00,325.00,345.00,"34,459","11,426,307.00"
785,2022/02/15,339.60,6.12,339.60,314.60,326.00,"23,732","7,720,656.50"
786,2022/02/14,320.00,0.63,329.00,315.00,318.00,"30,641","9,777,149.90"
787,2022/02/13,318.00,-5.92,331.30,315.00,331.30,"62,381","19,965,917.90"
788,2022/02/10,338.00,-0.88,347.80,334.50,347.80,"24,822","8,367,883.00"
789,2022/02/09,341.00,-0.87,350.00,337.50,348.00,"26,382","8,982,272.80"
790,2022/02/08,344.00,-1.15,369.10,340.00,354.90,"55,854","19,664,285.30"
791,2022/02/07,348.00,2.35,350.00,334.10,339.00,"39,185","13,531,377.20"
792,2022/02/06,340.00,-2.88,358.00,337.20,351.00,"51,382","17,601,326.90"
793,2022/02/03,350.10,-1.66,370.00,350.10,363.10,"95,438","34,372,592.90"
794,2022/02/01,356.00,4.49,357.60,334.00,344.00,"73,668","25,863,192.00"
795,2022/01/31,340.70,-1.5,352.80,339.10,352.80,"26,903","9,256,169.40"
796,2022/01/30,345.90,6.76,350.00,330.40,330.40,"53,632","18,304,646.00"
797,2022/01/27,324.00,-2.11,337.00,320.00,331.00,"32,097","10,471,852.00"
798,2022/01/26,331.00,-3.5,342.00,326.00,337.30,"58,047","19,255,444.40"
799,2022/01/25,343.00,-0.23,359.00,332.40,340.00,"46,304","16,039,846.50"
800,2022/01/24,343.80,-4.76,368.20,340.00,368.20,"107,850","37,670,215.00"
801,2022/01/23,361.00,-1.9,382.00,355.00,375.30,"90,394","33,314,066.00"
802,2022/01/20,368.00,4.25,368.00,347.00,347.00,"59,229","21,338,784.00"
803,2022/01/19,353.00,-4.34,369.00,353.00,369.00,"72,151","25,928,857.00"
804,2022/01/18,369.00,-1.6,380.00,362.80,375.00,"87,786","32,523,909.00"
805,2022/01/17,375.00,-0.79,385.50,365.00,385.50,"105,144","39,125,829.30"
806,2022/01/16,378.00,4.71,389.60,347.00,354.00,"326,333","120,751,380.20"
807,2022/01/13,361.00,2.91,363.00,345.00,357.80,"8,449","3,018,867.40"
808,2022/01/12,350.80,-2.56,376.00,350.10,355.00,"10,352","3,740,567.00"
809,2022/01/11,360.00,2.86,364.00,343.00,350.00,"14,424","5,128,369.80"
810,2022/01/10,350.00,3.24,365.00,334.00,345.00,"19,446","6,818,425.30"
811,2022/01/09,339.00,4.31,344.00,330.00,331.00,"8,803","2,970,301.90"
812,2022/01/06,325.00,1.56,337.90,313.60,313.60,"5,790","1,870,847.20"
813,2022/01/05,320.00,1.59,334.00,310.00,310.00,"6,434","2,073,866.80"
814,2022/01/04,315.00,0,320.00,308.00,309.00,"3,301","1,030,817.00"
815,2022/01/03,315.00,1.61,316.00,304.00,309.00,"5,931","1,840,797.00"
816,2022/01/02,310.00,-2.05,322.00,308.50,322.00,"2,435","761,206.60"
817,2021/12/29,316.50,0.8,320.00,305.00,314.00,"2,612","811,924.50"
818,2021/12/28,314.00,3.97,317.00,296.00,300.00,"4,002","1,243,441.50"
819,2021/12/27,302.00,-8.21,330.00,302.00,325.10,"6,087","1,915,577.00"
820,2021/12/26,329.00,-1.79,341.00,325.00,340.00,"2,862","946,534.00"
821,2021/12/23,335.00,-1.76,361.40,328.50,335.00,"11,903","3,993,717.90"
822,2021/12/22,341.00,7.57,341.00,315.00,315.00,"9,024","2,968,521.00"
823,2021/12/21,317.00,4.28,334.20,300.00,305.00,"3,875","1,199,302.00"
824,2021/12/20,304.00,-1.94,316.00,296.00,310.00,"1,911","580,068.20"
825,2021/12/16,310.00,-3.73,320.10,299.00,320.10,"3,763","1,161,327.00"
826,2021/12/15,322.00,2.55,345.00,309.00,320.00,"9,395","3,132,149.50"
827,2021/12/14,314.00,8.65,316.90,294.00,294.00,"2,615","803,803.00"
828,2021/12/13,289.00,-6.17,302.00,282.30,302.00,"9,050","2,628,766.70"
829,2021/12/12,308.00,-5.9,340.00,305.00,340.00,"6,449","2,012,350.00"
830,2021/12/09,327.30,-4.02,341.70,323.10,334.20,"6,922","2,306,381.50"
831,2021/12/08,341.00,-6.32,362.00,340.00,361.00,"3,873","1,333,631.00"
832,2021/12/07,364.00,1.96,384.00,348.00,364.10,"14,895","5,425,442.50"
833,2021/12/06,357.00,6.89,366.90,309.00,330.40,"6,400","2,201,841.00"
834,2021/12/05,334.00,-5.41,355.00,332.00,346.20,"3,268","1,104,422.10"
835,2021/12/02,353.10,-3.79,367.00,353.10,364.00,"3,166","1,137,722.30"
836,2021/12/01,367.00,2.23,380.70,357.00,366.10,"4,662","1,722,003.10"
837,2021/11/30,359.00,-1.64,370.00,358.00,360.00,"4,039","1,468,871.00"
838,2021/11/29,365.00,-0.3,380.00,359.00,359.00,"5,668","2,091,617.30"
839,2021/11/28,366.10,-5.64,388.00,365.00,380.40,"14,742","5,512,996.50"
840,2021/11/25,388.00,-0.61,402.00,382.70,397.90,"7,684","3,006,220.10"
841,2021/11/24,390.40,3.47,398.40,364.00,376.00,"11,615","4,465,300.00"
842,2021/11/23,377.30,-3.75,399.00,376.60,384.20,"7,500","2,876,180.90"
843,2021/11/22,392.00,3.43,398.00,372.00,386.00,"13,493","5,273,741.30"
844,2021/11/21,379.00,-1.81,393.70,378.80,386.00,"4,800","1,832,293.00"
845,2021/11/18,386.00,-2.77,400.00,379.00,390.00,"11,591","4,488,632.00"
846,2021/11/17,397.00,0,420.00,396.00,400.00,"15,667","6,350,582.00"
847,2021/11/16,397.00,8.17,397.70,368.00,374.00,"7,780","2,953,455.50"
848,2021/11/15,367.00,7.56,369.10,348.00,348.00,"5,336","1,940,191.00"
849,2021/11/14,341.20,-2.23,357.00,341.00,350.00,"6,147","2,141,189.90"
850,2021/11/11,349.00,-2.79,358.00,343.00,351.90,"5,853","2,046,321.00"
851,2021/11/09,359.00,-6.51,384.00,357.70,384.00,"13,158","4,775,270.80"
852,2021/11/08,384.00,-1.03,395.00,373.40,381.00,"9,020","3,452,717.40"
853,2021/11/03,388.00,-2.49,410.00,388.00,400.00,"8,877","3,508,107.80"
854,2021/11/02,397.90,1.97,398.00,377.20,382.40,"9,725","3,806,821.90"
855,2021/11/01,390.20,-5.06,419.00,390.00,411.00,"15,092","6,091,708.00"
856,2021/10/31,411.00,5.36,420.00,380.00,392.00,"15,512","6,287,663.00"
857,2021/10/28,390.10,6.01,397.00,348.00,361.00,"16,152","6,010,256.30"
858,2021/10/27,368.00,1.38,380.00,355.00,370.00,"20,375","7,536,986.10"
859,2021/10/26,363.00,10,363.00,336.00,336.60,"17,288","6,139,471.00"
860,2021/10/25,330.00,8.27,335.20,310.00,310.00,"10,872","3,504,722.00"
861,2021/10/24,304.80,1.23,310.90,293.00,305.00,"4,617","1,391,268.40"
862,2021/10/21,301.10,-3.46,324.30,296.90,318.00,"4,519","1,376,770.90"
863,2021/10/20,311.90,6.09,315.00,294.00,299.00,"4,519","1,386,038.30"
864,2021/10/19,294.00,-5.31,306.00,290.10,304.30,"5,071","1,503,512.50"
865,2021/10/18,310.50,-10,351.90,310.50,351.90,"9,813","3,080,454.90"
866,2021/10/17,345.00,4.86,355.90,326.90,335.50,"2,150","726,270.00"
867,2021/10/11,329.00,-3.8,348.80,317.00,348.80,"4,019","1,318,110.50"
868,2021/10/10,342.00,-0.87,358.00,330.00,351.90,"3,339","1,137,919.00"
869,2021/10/06,345.00,0.44,350.30,334.00,350.30,"12,267","4,180,547.80"
870,2021/10/05,343.50,0.17,350.00,339.00,349.70,"5,199","1,773,172.50"
871,2021/10/04,342.90,-0.61,351.90,320.10,351.90,"6,624","2,187,675.70"
872,2021/10/03,345.00,-4.43,353.80,326.60,353.80,"6,090","2,057,549.30"
873,2021/09/30,361.00,-1.88,382.00,355.00,375.20,"5,798","2,092,955.00"
874,2021/09/29,367.90,8.21,367.90,327.00,346.80,"11,910","4,099,476.00"
875,2021/09/28,340.00,-8.85,381.00,339.00,380.40,"15,419","5,457,168.00"
876,2021/09/27,373.00,-5.09,401.00,373.00,395.00,"11,519","4,479,258.50"
877,2021/09/26,393.00,-7.96,418.50,385.00,418.50,"16,108","6,416,020.70"
878,2021/09/23,427.00,1.47,445.00,404.00,429.00,"16,586","6,897,494.00"
879,2021/09/22,420.80,8.87,424.00,391.00,394.00,"12,487","5,161,619.60"
880,2021/09/21,386.50,2.49,392.00,341.10,375.00,"18,707","6,918,976.50"
881,2021/09/20,377.10,-10,411.00,377.10,411.00,"17,454","6,747,554.00"
882,2021/09/16,419.00,-4.77,448.80,404.00,448.80,"14,169","5,907,018.40"
883,2021/09/15,440.00,-2.46,460.10,433.00,460.10,"9,587","4,253,547.50"
884,2021/09/14,451.10,-1.91,469.00,448.00,469.00,"13,597","6,154,331.90"
885,2021/09/13,459.90,-0.02,490.00,449.00,465.00,"18,382","8,618,191.70"
886,2021/09/12,460.00,5.02,465.00,445.00,446.00,"22,542","10,294,155.80"
887,2021/09/09,438.00,2.58,453.00,420.00,435.00,"14,655","6,440,250.00"
888,2021/09/08,427.00,-2.18,445.00,419.00,428.00,"15,907","6,835,614.20"
889,2021/09/07,436.50,0.72,460.00,433.40,442.00,"11,229","5,023,315.90"
890,2021/09/06,433.40,10,433.40,380.00,387.00,"16,650","6,923,828.20"
891,2021/09/05,394.00,-9.84,434.00,393.30,434.00,"27,581","10,964,010.60"
892,2021/09/02,437.00,-3.53,458.00,434.20,444.00,"11,864","5,225,752.50"
893,2021/09/01,453.00,2.26,469.20,434.20,434.20,"15,775","7,138,787.50"
894,2021/08/31,443.00,-5.94,475.00,442.00,462.00,"23,582","10,574,801.40"
895,2021/08/29,471.00,3.43,497.00,460.00,464.50,"36,686","17,356,549.60"
896,2021/08/26,455.40,10,455.40,415.00,415.00,"23,649","10,597,360.70"
897,2021/08/25,414.00,-3.16,436.00,384.80,419.00,"27,996","11,405,531.00"
898,2021/08/24,427.50,-10,465.50,427.50,465.50,"43,544","18,701,010.90"
899,2021/08/19,475.00,-6.68,500.00,473.00,499.00,"23,974","11,649,231.50"
900,2021/08/18,509.00,-2.3,555.90,506.00,511.00,"52,904","27,899,320.70"
901,2021/08/17,521.00,6.33,535.00,490.00,499.80,"74,632","38,479,707.70"
902,2021/08/16,490.00,3.16,503.80,450.00,483.00,"29,759","14,039,076.40"
903,2021/08/15,475.00,-3.06,489.80,449.00,480.30,"32,938","15,334,744.00"
904,2021/08/12,490.00,-2.39,512.00,477.30,502.00,"47,241","23,060,050.60"
905,2021/08/11,502.00,5.68,510.00,470.00,470.00,"60,202","29,856,789.00"
906,2021/08/10,475.00,-4.02,525.00,472.00,506.00,"62,655","30,638,884.40"
907,2021/08/09,497.00,0.2,516.00,489.20,490.00,"59,524","29,788,057.50"
908,2021/08/08,496.00,1.64,520.00,457.00,488.00,"92,091","45,135,198.60"
909,2021/08/05,488.00,-5.02,551.00,487.00,524.00,"58,061","29,499,062.90"
910,2021/08/04,513.80,10,513.80,465.00,476.40,"97,618","48,104,343.50"
911,2021/08/03,467.10,9.98,467.10,424.70,433.10,"150,098","68,137,152.80"
912,2021/08/02,424.70,10,424.70,393.80,393.80,"48,031","20,354,297.20"
913,2021/08/01,386.10,10,386.10,345.00,358.00,"94,622","35,603,878.40"
914,2021/07/29,351.00,-2.77,366.00,338.00,366.00,"34,008","11,967,285.40"
915,2021/07/28,361.00,-3.19,395.00,355.00,380.00,"72,454","26,659,347.20"
916,2021/07/27,372.90,10,372.90,330.00,339.00,"68,424","24,422,972.30"
917,2021/07/26,339.00,2.73,339.90,324.00,336.60,"37,566","12,573,049.20"
918,2021/07/25,330.00,6.11,330.00,314.00,317.20,"58,307","18,875,818.90"
919,2021/07/22,311.00,0.97,311.00,302.10,308.00,"16,301","5,024,499.00"
920,2021/07/20,308.00,2.56,310.00,299.00,299.00,"9,023","2,757,676.50"
921,2021/07/19,300.30,-2.5,310.00,300.00,308.10,"16,234","4,933,594.00"
922,2021/07/18,308.00,0.98,320.00,305.00,311.00,"13,295","4,130,374.80"
923,2021/07/15,305.00,3.74,322.00,295.00,299.00,"35,707","11,021,110.00"
924,2021/07/14,294.00,-1.67,301.00,290.00,295.00,"7,914","2,338,072.00"
925,2021/07/13,299.00,0,310.00,291.00,310.00,"3,509","1,039,854.00"
926,2021/07/12,299.00,-0.33,306.00,285.00,294.00,"22,147","6,449,962.00"
927,2021/07/11,300.00,7.14,300.00,275.00,285.00,"17,358","5,034,525.00"
928,2021/07/08,280.00,5.66,285.00,260.00,265.00,"7,562","2,035,038.00"
929,2021/07/07,265.00,-3.28,272.00,262.00,272.00,"5,690","1,512,015.00"
930,2021/07/06,274.00,-0.36,288.00,268.00,288.00,"5,035","1,366,365.00"
931,2021/07/05,275.00,-3.17,283.00,275.00,280.00,"4,306","1,202,024.00"
932,2021/07/04,284.00,-2.41,290.00,279.00,287.00,"6,082","1,737,240.00"
933,2021/07/01,291.00,-0.34,302.00,290.00,296.00,"4,503","1,323,437.00"
934,2021/06/30,292.00,4.66,306.00,261.00,276.00,"12,276","3,339,042.00"
935,2021/06/29,279.00,-5.1,304.00,278.00,290.00,"10,422","2,989,587.00"
936,2021/06/28,294.00,-2,305.00,293.00,305.00,"11,272","3,346,120.00"
937,2021/06/27,300.00,-1.96,319.00,299.00,306.00,"13,777","4,216,222.00"
938,2021/06/24,306.00,-3.47,324.00,303.00,303.00,"14,829","4,567,025.00"
939,2021/06/23,317.00,6.02,322.00,294.00,313.00,"38,591","11,863,369.00"
940,2021/06/22,299.00,9.93,299.00,268.00,272.00,"12,463","3,605,867.00"
941,2021/06/21,272.00,-7.8,295.00,268.00,290.00,"26,926","7,525,924.00"
942,2021/06/20,295.00,-7.81,316.00,288.00,314.00,"29,477","8,853,828.00"
943,2021/06/17,320.00,-1.23,335.00,294.00,318.00,"38,875","12,125,746.00"
944,2021/06/16,324.00,-9.75,350.00,324.00,342.00,"59,978","19,749,589.00"
945,2021/06/15,359.00,1.7,387.00,335.00,369.00,"105,747","38,700,093.00"
946,2021/06/14,352.00,10,352.00,336.00,336.00,"39,973","14,042,786.00"
947,2021/06/13,320.00,9.97,320.00,294.00,300.00,"74,219","23,116,412.00"
948,2021/06/10,291.00,4.04,270.00,270.00,270.00,"34,063","14,547,270.00"
949,2021/06/09,272.00,-2.86,282.00,267.00,282.00,"17,918","4,910,560.00"
950,2021/06/08,280.00,4.09,283.00,270.00,270.00,"30,981","8,664,389.00"
951,2021/06/07,269.00,8.91,270.00,243.00,243.00,"34,641","9,063,045.00"
952,2021/06/06,247.00,-5,258.00,235.00,247.00,"35,460","8,677,518.00"
953,2021/06/03,260.00,-4.41,277.00,260.00,267.00,"31,757","8,398,504.00"
954,2021/06/02,274.00,2.24,282.00,260.00,268.00,"51,052","13,239,968.00"
955,2021/06/01,268.00,-3.6,281.00,260.00,265.00,"22,902","6,211,908.00"
956,2021/05/31,278.00,-6.71,306.00,270.00,300.00,"66,172","18,666,047.00"
957,2021/05/30,298.00,9.96,298.00,275.00,280.00,"122,538","36,164,569.00"
958,2021/05/27,271.00,9.72,271.00,250.00,259.00,"39,493","10,469,177.00"
959,2021/05/25,247.00,9.78,247.00,221.00,221.00,"70,202","16,878,915.00"
960,2021/05/24,225.00,-1.75,240.00,224.00,240.00,"32,936","7,560,796.00"
961,2021/05/23,229.00,4.57,234.00,211.00,219.00,"33,090","7,398,855.00"
962,2021/05/20,219.00,-2.23,226.00,211.00,222.00,"31,624","6,898,425.00"
963,2021/05/19,224.00,-3.03,246.00,218.00,242.00,"53,397","12,358,004.00"
964,2021/05/18,231.00,10,231.00,215.00,220.00,"58,994","13,435,477.00"
965,2021/05/17,210.00,2.94,214.00,200.00,207.00,"42,283","8,739,531.00"
966,2021/05/16,204.00,-3.77,210.00,198.00,210.00,"48,287","9,816,074.00"
967,2021/05/13,212.00,8.16,212.00,190.00,205.00,"69,342","14,434,848.00"
968,2021/05/12,196.00,6.52,201.00,180.00,182.00,"54,427","10,517,566.00"
969,2021/05/11,184.00,1.1,188.00,179.00,183.00,"24,858","4,527,164.00"
970,2021/05/10,182.00,0,182.00,176.00,179.00,"15,920","2,868,365.00"
971,2021/05/09,182.00,-3.7,189.00,172.00,189.00,"32,066","5,849,755.00"
972,2021/05/06,189.00,2.16,199.00,175.00,194.00,"52,800","10,027,476.00"
973,2021/05/05,185.00,9.47,185.00,172.00,172.00,"85,641","15,568,382.00"
974,2021/05/04,169.00,3.05,180.00,163.00,163.00,"27,375","4,650,719.00"
975,2021/05/03,164.00,-1.2,169.00,164.00,168.00,"13,580","2,262,470.00"
976,2021/05/02,166.00,1.22,168.00,156.00,156.00,"20,246","3,355,429.00"
977,2021/04/29,164.00,0,166.00,161.00,166.00,"5,060","827,270.00"
978,2021/04/28,164.00,0.61,177.00,153.00,171.00,"7,936","1,381,749.00"
979,2021/04/27,163.00,4.49,164.00,149.00,149.00,"11,553","1,852,009.00"
980,2021/04/26,156.00,-3.11,164.00,156.00,158.00,"13,861","2,228,100.00"
981,2021/04/25,161.00,-2.42,169.00,160.00,162.00,"19,595","3,205,512.00"
982,2021/04/22,165.00,1.85,166.00,158.00,159.00,"15,101","2,460,810.00"
983,2021/04/21,162.00,-1.22,165.00,161.00,164.00,"8,188","1,331,589.00"
984,2021/04/20,164.00,0.61,164.00,160.00,161.00,"7,360","1,188,145.00"
985,2021/04/19,163.00,-1.21,165.00,160.00,162.00,"3,418","558,827.00"
986,2021/04/18,165.00,0.61,166.00,162.00,162.00,"8,942","1,470,690.00"
987,2021/04/15,164.00,-0.61,171.00,162.00,162.00,"16,431","2,701,947.00"
988,2021/04/13,165.00,1.23,166.00,161.00,163.00,"13,720","2,257,062.00"
989,2021/04/12,163.00,-0.61,171.00,162.00,164.00,"22,723","4,028,062.00"
990,2021/04/08,164.00,1.86,166.00,159.00,161.00,"10,005","1,621,561.00"
991,2021/04/07,161.00,-3.01,173.00,160.00,173.00,"12,994","2,125,971.00"
992,2021/04/06,166.00,3.75,173.00,160.00,167.00,"27,149","4,481,423.00"
993,2021/04/05,160.00,-2.44,172.00,158.00,172.00,"5,967","955,379.00"
994,2021/04/04,164.00,4.46,166.00,153.00,156.00,"24,693","3,949,510.00"
995,2021/04/01,157.00,1.95,163.00,151.00,151.00,"13,746","2,156,138.00"
996,2021/04/01,154.00,-1.28,158.00,153.00,155.00,"10,601","2,156,138.00"
997,2021/03/30,156.00,0.65,158.00,155.00,158.00,"6,595","1,029,045.00"
998,2021/03/29,155.00,-1.9,157.00,154.00,155.00,"4,855","750,917.00"
999,2021/03/25,158.00,-1.86,167.00,156.00,164.00,"9,346","1,502,874.00"
1000,2021/03/24,161.00,-1.23,168.00,157.00,163.00,"14,729","2,391,183.00"
1001,2021/03/23,163.00,1.87,171.00,155.00,160.00,"10,603","1,722,987.00"
1002,2021/03/22,160.00,0.63,165.00,151.00,156.00,"13,736","2,182,167.00"
1003,2021/03/21,159.00,-4.22,163.00,150.00,163.00,"36,167","5,633,273.00"
1004,2021/03/18,166.00,-4.05,175.00,158.00,174.00,"38,526","6,388,199.00"
1005,2021/03/17,173.00,-8.95,202.00,171.00,199.00,"42,901","7,595,410.00"
1006,2021/03/16,190.00,9.83,190.00,181.00,181.00,"45,114","8,531,681.00"
1007,2021/03/15,173.00,9.49,173.00,149.00,165.00,"78,184","12,874,388.00"
1008,2021/03/14,158.00,9.72,158.00,144.00,144.00,"63,998","9,847,723.00"
1009,2021/03/10,144.00,9.92,144.00,125.00,125.00,"48,123","6,773,963.00"
1010,2021/03/09,131.00,4.8,137.00,123.00,123.00,"16,363","2,150,062.00"
1011,2021/03/07,125.00,-0.79,128.00,123.00,124.00,"5,140","644,860.00"
1012,2021/03/04,126.00,0,130.00,126.00,128.00,"3,800","480,200.00"
1013,2021/03/03,126.00,3.28,128.00,120.00,120.00,"3,954","487,660.00"
1014,2021/03/02,122.00,-3.94,125.00,121.00,125.00,"6,524","799,188.00"
1015,2021/03/01,127.00,0.79,128.00,124.00,124.00,"1,855","233,450.00"
1016,2021/02/28,126.00,-3.82,129.00,124.00,129.00,"11,867","1,491,872.00"
1017,2021/02/25,131.00,-2.24,138.00,130.00,132.00,"11,430","1,525,590.00"
1018,2021/02/24,134.00,-2.19,138.00,134.00,136.00,"6,370","866,980.00"
1019,2021/02/23,137.00,-0.72,144.00,131.00,144.00,"10,790","1,482,253.00"
1020,2021/02/22,138.00,3.76,146.00,132.00,133.00,"43,693","6,170,307.00"
1021,2021/02/21,133.00,3.1,134.00,127.00,127.00,"8,321","1,098,389.00"
1022,2021/02/18,129.00,-2.27,132.00,128.00,130.00,"3,571","464,250.00"
1023,2021/02/17,132.00,-1.49,136.00,128.00,136.00,"1,605","209,310.00"
1024,2021/02/16,134.00,0.75,136.00,127.00,135.00,"8,193","1,089,403.00"
1025,2021/02/15,133.00,3.1,133.00,127.00,129.00,"5,791","748,564.00"
1026,2021/02/14,129.00,-2.27,130.00,126.00,130.00,"5,880","754,890.00"
1027,2021/02/11,132.00,-0.75,134.00,131.00,132.00,"3,510","462,400.00"
1028,2021/02/10,133.00,-1.48,136.00,132.00,133.00,"6,339","843,866.00"
1029,2021/02/09,134.00,-4.29,141.00,133.00,140.00,"14,554","2,388,891.00"
1030,2021/02/08,140.00,2.19,144.00,133.00,139.00,"26,431","3,755,533.00"
1031,2021/02/07,137.00,9.6,137.00,123.00,125.00,"41,088","5,417,992.00"
1032,2021/02/04,125.00,0.81,127.00,120.00,120.00,"10,159","1,269,256.00"
1033,2021/02/03,124.00,0,126.00,122.00,122.00,"7,821","979,319.00"
1034,2021/02/02,124.00,0,128.00,120.00,122.00,"8,656","1,072,428.00"
1035,2021/02/01,124.00,3.33,127.00,118.00,118.00,"5,905","740,305.00"
1036,2021/01/31,120.00,-4.76,124.00,120.00,124.00,"3,372","434,624.00"
1037,2021/01/28,126.00,0.8,127.00,123.00,123.00,"6,124","770,939.00"
1038,2021/01/27,125.00,1.63,128.00,121.00,121.00,"8,219","1,031,163.00"
1039,2021/01/26,123.00,-3.15,128.00,123.00,127.00,"6,450","805,680.00"
1040,2021/01/25,127.00,1.6,132.00,123.00,123.00,"14,406","1,826,761.00"
1041,2021/01/24,125.00,-1.57,132.00,124.00,129.00,"13,101","1,656,625.00"
1042,2021/01/21,127.00,8.55,128.00,118.00,118.00,"24,656","3,006,648.00"
1043,2021/01/20,117.00,0.86,119.00,114.00,115.00,"7,185","837,015.00"
1044,2021/01/19,116.00,-0.85,119.00,116.00,117.00,"4,577","538,046.00"
1045,2021/01/18,117.00,-0.85,121.00,116.00,118.00,"5,076","603,911.00"
1046,2021/01/17,118.00,-0.84,120.00,114.00,114.00,"5,336","633,282.00"
1047,2021/01/13,119.00,3.48,121.00,113.00,113.00,"11,061","1,306,475.00"
1048,2021/01/12,115.00,0,117.00,113.00,113.00,"3,290","379,600.00"
1049,2021/01/11,115.00,-0.86,116.00,114.00,114.00,"3,890","446,540.00"
1050,2021/01/10,116.00,-1.69,118.00,112.00,116.00,"2,119","242,992.00"
1051,2021/01/07,118.00,3.51,120.00,112.00,114.00,"4,845","573,005.00"
1052,2021/01/06,114.00,-4.2,127.00,113.00,124.00,"11,045","1,345,160.00"
1053,2021/01/05,119.00,9.17,119.00,109.00,110.00,"13,483","1,542,791.00"
1054,2021/01/04,109.00,2.83,111.00,106.00,106.00,"2,465","266,110.00"
1055,2021/01/03,106.00,-0.93,109.00,102.00,109.00,"5,440","581,533.00"
1056,2020/12/31,107.00,0,107.00,105.00,105.00,"3,640","386,330.00"
1057,2020/12/30,107.00,0.94,107.00,104.00,105.00,"3,211","337,619.00"
1058,2020/12/29,106.00,0,109.00,104.00,104.00,"1,300","138,480.00"
1059,2020/12/28,106.00,-1.85,109.00,106.00,106.00,"3,435","368,830.00"
1060,2020/12/27,108.00,-1.82,112.00,108.00,108.00,"2,140","233,640.00"
1061,2020/12/24,110.00,-3.51,112.00,108.00,112.00,"1,636","179,406.00"
1062,2020/12/23,114.00,0.88,115.00,111.00,112.00,"8,184","921,144.00"
1063,2020/12/22,113.00,5.61,113.00,107.00,107.00,"6,682","740,530.00"
1064,2020/12/21,107.00,-1.83,109.00,100.00,107.00,"10,865","1,135,395.00"
1065,2020/12/20,109.00,-6.84,115.00,106.00,115.00,"11,678","1,270,592.00"
1066,2020/12/17,117.00,-0.85,120.00,115.00,117.00,"10,610","1,252,320.00"
1067,2020/12/16,118.00,-1.67,120.00,117.00,118.00,"4,090","486,320.00"
1068,2020/12/15,120.00,-1.64,122.00,120.00,120.00,"3,380","409,330.00"
1069,2020/12/14,122.00,0,130.00,117.00,128.00,"8,412","1,005,923.00"
1070,2020/12/13,122.00,0,122.00,120.00,120.00,"3,215","387,595.00"
1071,2020/12/10,122.00,-1.61,130.00,120.00,130.00,"3,230","394,860.00"
1072,2020/12/09,124.00,-1.59,128.00,122.00,125.00,"5,427","669,664.00"
1073,2020/12/08,126.00,0.8,126.00,121.00,123.00,"7,395","920,310.00"
1074,2020/12/07,125.00,0.81,130.00,122.00,130.00,"5,670","700,225.00"
1075,2020/12/06,124.00,-3.12,127.00,122.00,122.00,"4,040","505,040.00"
1076,2020/12/03,128.00,0,132.00,126.00,128.00,"6,055","776,420.00"
1077,2020/12/02,128.00,-0.78,131.00,123.00,123.00,"6,077","781,843.00"
1078,2020/12/01,129.00,-3.01,133.00,129.00,131.00,"12,020","1,570,675.00"
1079,2020/11/30,133.00,2.31,134.00,128.00,128.00,"10,418","1,358,902.00"
1080,2020/11/29,130.00,0,130.00,126.00,130.00,"8,010","1,024,830.00"
1081,2020/11/26,130.00,-1.52,133.00,130.00,130.00,"7,264","954,314.00"
1082,2020/11/25,130.00,-0.76,139.00,130.00,132.00,"4,720","1,420,520.00"
1083,2020/11/24,131.00,-0.76,142.00,128.00,130.00,"2,600","344,100.00"
1084,2020/11/23,132.00,0,134.00,129.00,130.00,"12,675","1,671,047.00"
1085,2020/11/22,132.00,-3.65,141.00,130.00,135.00,"13,319","1,787,824.00"
1086,2020/11/19,137.00,5.38,138.00,128.00,131.00,"6,579","885,042.00"
1087,2020/11/18,130.00,-5.8,138.00,126.00,136.00,"16,396","2,135,238.00"
1088,2020/11/12,138.00,-0.72,141.00,133.00,133.00,"4,661","797,685.00"
1089,2020/11/11,139.00,0,147.00,133.00,133.00,"3,065","425,175.00"
1090,2020/11/10,139.00,1.46,143.00,131.00,131.00,"7,145","988,480.00"
1091,2020/11/09,137.00,-4.86,144.00,137.00,144.00,"11,206","1,561,047.00"
1092,2020/11/08,144.00,5.11,144.00,133.00,136.00,"23,345","3,284,875.00"
1093,2020/11/05,137.00,8.73,138.00,120.00,120.00,"19,370","2,564,490.00"
1094,2020/11/04,126.00,-0.79,128.00,125.00,126.00,"2,050","258,810.00"
1095,2020/11/03,127.00,-2.31,130.00,124.00,128.00,"3,660","464,130.00"
1096,2020/11/02,130.00,0,131.00,128.00,131.00,"3,330","427,980.00"
1097,2020/11/01,130.00,3.17,132.00,122.00,124.00,"5,990","767,350.00"
1098,2020/10/29,126.00,0.8,129.00,121.00,123.00,"6,131","752,425.00"
1099,2020/10/28,125.00,-2.34,130.00,122.00,129.00,"3,900","486,480.00"
1100,2020/10/22,128.00,-1.54,130.00,126.00,128.00,"2,758","352,757.00"
1101,2020/10/21,130.00,-3.7,137.00,127.00,135.00,"13,580","1,772,198.00"
1102,2020/10/20,135.00,8.87,136.00,124.00,124.00,"18,805","2,445,249.00"
1103,2020/10/19,124.00,9.73,124.00,112.00,113.00,"5,434","676,282.00"
1104,2020/10/18,113.00,-4.24,119.00,113.00,117.00,"3,645","423,535.00"
1105,2020/10/15,118.00,2.61,121.00,113.00,117.00,"4,390","509,020.00"
1106,2020/10/14,115.00,-7.26,124.00,113.00,122.00,"13,332","1,551,755.00"
1107,2020/10/13,124.00,-6.77,132.00,122.00,131.00,"9,449","1,185,746.00"
1108,2020/10/12,133.00,0.76,134.00,126.00,131.00,"12,155","1,577,790.00"
1109,2020/10/11,132.00,-3.65,140.00,132.00,135.00,"13,495","1,815,535.00"
1110,2020/10/08,137.00,-5.52,155.00,137.00,145.00,"20,475","2,933,625.00"
1111,2020/10/07,145.00,9.85,145.00,128.00,132.00,"25,855","3,658,478.00"
1112,2020/10/06,132.00,7.32,132.00,117.00,122.00,"17,591","2,219,212.00"
1113,2020/10/05,123.00,1.65,123.00,112.00,119.00,"18,352","2,144,636.00"
1114,2020/10/04,115.00,-6.5,123.00,111.00,123.00,"13,467","1,549,578.00"
1115,2020/10/01,123.00,0.82,134.00,118.00,125.00,"18,391","2,369,344.00"
1116,2020/09/30,122.00,9.91,122.00,112.00,112.00,"19,784","2,397,515.00"
1117,2020/09/29,111.00,9.9,111.00,97.00,100.00,"21,670","2,330,825.00"
1118,2020/09/28,101.00,-2.88,106.00,96.00,106.00,"6,953","698,844.00"
1119,2020/09/27,104.00,9.47,104.00,95.00,95.00,"13,525","1,401,365.00"
1120,2020/09/24,95.00,9.2,95.00,87.00,87.00,"4,182","396,153.00"
1121,2020/09/23,87.00,1.16,88.00,84.00,85.00,"2,590","219,990.00"
1122,2020/09/22,86.00,-9.47,95.00,86.00,91.00,"4,996","463,762.00"
1123,2020/09/21,95.00,-9.52,103.00,95.00,103.00,"3,715","355,655.00"
1124,2020/09/20,105.00,9.37,105.00,97.00,97.00,"27,434","2,817,856.00"
1125,2020/09/17,96.00,9.09,96.00,89.00,89.00,"3,150","318,780.00"
1126,2020/09/16,88.00,10,88.00,80.00,80.00,"4,083","348,614.00"
1127,2020/09/15,80.00,9.59,80.00,74.00,74.00,"6,017","572,436.00"
1128,2020/09/14,73.00,8.96,73.00,66.00,66.00,"8,540","624,260.00"
1129,2020/09/13,67.00,0,68.00,66.00,66.00,"1,710","115,540.00"
1130,2020/09/10,67.00,0,69.00,66.00,66.00,960,"64,960.00"
1131,2020/09/09,67.00,3.08,67.00,64.00,64.00,"1,460","94,280.00"
1132,2020/09/08,65.00,-4.41,68.00,64.00,67.00,"2,075","136,815.00"
1133,2020/09/07,68.00,-6.85,72.00,67.00,72.00,"1,420","97,130.00"
1134,2020/09/06,73.00,1.39,73.00,69.00,73.00,"3,808","274,006.00"
1135,2020/09/03,72.00,7.46,72.00,68.00,68.00,"6,417","450,888.00"
1136,2020/09/02,67.00,9.84,67.00,61.00,62.00,"9,390","616,460.00"
1137,2020/08/31,61.00,0,65.00,59.00,60.00,"1,770","108,590.00"
1138,2020/08/27,60.00,-3.23,62.00,60.00,61.00,"2,999","180,779.00"
1139,2020/08/25,62.00,0,63.00,59.00,62.00,"1,800","110,520.00"
1140,2020/08/24,62.00,5.08,62.00,56.00,58.00,"3,408","200,630.00"
1141,2020/08/23,59.00,5.36,60.00,55.00,55.00,570,"33,060.00"
1142,2020/08/20,56.00,-1.75,57.00,55.00,56.00,280,"15,660.00"
1143,2020/08/19,57.00,1.79,58.00,55.00,55.00,"2,180","123,600.00"
1144,2020/08/18,56.00,-6.67,59.00,56.00,59.00,569,"32,687.00"
1145,2020/08/17,60.00,7.14,60.00,55.00,55.00,850,"47,350.00"
1146,2020/08/16,56.00,-1.75,57.00,54.00,57.00,905,"50,185.00"
1147,2020/08/13,57.00,-3.39,61.00,55.00,58.00,"1,210","70,980.00"
1148,2020/08/12,59.00,9.26,59.00,53.00,53.00,880,"48,000.00"
1149,2020/08/11,54.00,-3.57,56.00,54.00,55.00,"1,350","73,860.00"
1150,2020/08/10,56.00,-3.45,59.00,56.00,59.00,"1,500","29,460.00"
1151,2020/08/09,58.00,3.57,58.00,54.00,55.00,890,"49,060.00"
1152,2020/08/06,56.00,-1.75,57.00,54.00,56.00,880,"48,980.00"
1153,2020/08/05,57.00,-9.52,62.00,57.00,62.00,911,"64,672.00"
1154,2020/08/03,63.00,-1.56,63.00,58.00,63.00,"1,210","73,270.00"
1155,2020/08/02,64.00,1.59,67.00,63.00,66.00,"3,640","238,500.00"
1156,2020/07/30,63.00,8.62,63.00,59.00,59.00,"1,995","123,450.00"
1157,2020/07/29,58.00,9.43,58.00,54.00,54.00,470,"26,790.00"
1158,2020/07/28,53.00,3.92,54.00,52.00,52.00,"1,097","57,521.00"
1159,2020/07/27,51.00,-5.56,53.00,50.00,53.00,"1,546","80,263.00"
1160,2020/07/23,54.00,0,54.00,52.00,53.00,680,"36,130.00"
1161,2020/07/22,54.00,-6.9,57.00,54.00,57.00,410,"23,080.00"
1162,2020/07/21,58.00,0,58.00,57.00,58.00,"1,060","60,550.00"
1163,2020/07/20,58.00,5.45,58.00,57.00,57.00,680,"38,940.00"
1164,2020/07/16,55.00,7.84,55.00,51.00,52.00,570,"30,290.00"
1165,2020/07/15,51.00,0,52.00,49.00,50.00,600,"30,082.00"
1166,2020/07/14,51.00,-1.92,52.00,51.00,51.00,400,"20,720.00"
1167,2020/07/13,52.00,-5.45,55.00,52.00,54.00,"2,430","128,510.00"
1168,2020/07/12,55.00,-1.79,56.00,54.00,56.00,720,"39,780.00"
1169,2020/07/09,56.00,0,57.00,55.00,56.00,300,"16,790.00"
1170,2020/07/08,56.00,0,56.00,55.00,55.00,140,"7,730.00"
1171,2020/07/07,56.00,-3.45,57.00,53.00,57.00,510,"27,780.00"
1172,2020/07/06,58.00,-1.69,58.00,56.00,58.00,720,"41,200.00"
1173,2020/03/19,61.00,0,61.00,61.00,61.00,60,"3,660.00"
1174,2020/03/18,61.00,-3.17,62.00,61.00,62.00,240,"14,660.00"
1175,2020/03/17,63.00,3.28,63.00,62.00,62.00,350,"21,840.00"
1176,2020/03/16,61.00,0,63.00,60.00,60.00,360,"21,990.00"
1177,2020/03/15,61.00,-8.96,67.00,61.00,66.00,722,"45,754.00"
1178,2020/03/12,67.00,-1.47,67.00,67.00,67.00,10,670.00
1179,2020/03/11,68.00,1.49,68.00,65.00,66.00,610,"40,280.00"
1180,2020/03/10,67.00,1.52,67.00,66.00,66.00,90,"6,020.00"
1181,2020/03/05,66.00,-2.94,69.00,66.00,69.00,150,"10,130.00"
1182,2020/03/05,68.00,-4.23,70.00,65.00,71.00,520,"10,130.00"
1183,2020/03/03,71.00,-4.05,74.00,71.00,74.00,580,"42,060.00"
1184,2020/03/02,74.00,-5.13,77.00,74.00,77.00,150,"11,330.00"
1185,2020/03/01,78.00,-6.02,82.00,78.00,83.00,"1,135","90,775.00"
1186,2020/02/27,83.00,0,85.00,82.00,82.00,"1,715","144,155.00"
1187,2020/02/26,83.00,1.22,83.00,79.00,81.00,"1,281","104,819.00"
1188,2020/02/25,82.00,2.5,82.00,77.00,80.00,"1,330","105,820.00"
1189,2020/02/24,80.00,-3.61,83.00,80.00,83.00,"2,740","221,545.00"
1190,2020/02/23,83.00,5.06,84.00,80.00,80.00,875,"71,940.00"
1191,2020/02/20,79.00,6.76,80.00,75.00,74.00,"1,345","105,030.00"
1192,2020/02/19,74.00,7.25,74.00,70.00,70.00,720,"51,550.00"
1193,2020/02/18,69.00,9.52,69.00,62.00,62.00,880,"57,700.00"
1194,2019/10/16,63.00,-1.56,63.00,63.00,63.00,30,"1,890.00"
1195,2019/10/15,64.00,1.59,64.00,64.00,64.00,30,"1,920.00"
1196,2019/10/14,63.00,0,63.00,62.00,62.00,370,"23,000.00"
1197,2019/10/03,63.00,0,63.00,63.00,63.00,60,"3,780.00"
1201,2019/10/02,63.00,0,63.00,62.00,62.00,60,"3,750.00"
1202,2019/10/01,63.00,1.61,63.00,62.00,62.00,140,"8,700.00"
1203,2019/09/30,62.00,0,63.00,62.00,63.00,60,"5,610.00"
1204,2019/09/29,62.00,-1.59,64.00,62.00,63.00,330,"20,860.00"
1205,2019/09/26,63.00,-1.56,63.00,63.00,63.00,140,"8,820.00"
1206,2019/09/25,64.00,0,65.00,63.00,64.00,500,"32,160.00"
1207,2019/09/24,64.00,-1.54,65.00,64.00,64.00,340,"21,980.00"
1208,2019/09/23,65.00,1.56,65.00,64.00,65.00,150,"9,720.00"
1209,2019/09/22,64.00,-1.54,66.00,64.00,64.00,300,"19,500.00"
1210,2019/09/19,65.00,1.56,66.00,65.00,65.00,540,"35,240.00"
1211,2019/09/17,64.00,0,65.00,64.00,65.00,250,"16,100.00"
1212,2019/09/16,64.00,-4.48,67.00,64.00,67.00,540,"35,590.00"
1213,2019/09/15,67.00,-1.47,67.00,67.00,67.00,150,"10,050.00"
1214,2019/09/11,71.00,4.41,71.00,69.00,69.00,340,"23,730.00"
1215,2019/09/10,68.00,-1.45,69.00,68.00,69.00,180,"12,270.00"
1216,2019/09/09,69.00,-1.43,71.00,69.00,69.00,350,"24,350.00"
1217,2019/09/08,70.00,0,71.00,70.00,70.00,260,"18,260.00"
1218,2019/09/05,70.00,-1.41,71.00,70.00,71.00,270,"19,070.00"
1219,2019/09/04,71.00,0,72.00,71.00,72.00,290,"20,730.00"
1220,2019/09/03,71.00,-2.74,73.00,71.00,73.00,950,"68,680.00"
1221,2019/09/02,73.00,-2.67,74.00,73.00,74.00,180,"13,240.00"
1222,2019/09/01,75.00,2.74,75.00,73.00,73.00,110,"8,150.00"
1223,2019/08/29,73.00,-2.67,75.00,73.00,75.00,310,"22,960.00"
1224,2019/08/28,75.00,-2.6,76.00,75.00,76.00,150,"11,280.00"
1225,2019/08/27,77.00,0,77.00,77.00,77.00,180,"13,860.00"
1226,2019/08/26,77.00,-1.28,78.00,77.00,77.00,180,"13,950.00"
1227,2019/08/25,78.00,1.3,78.00,76.00,76.00,430,"33,100.00"
1228,2019/08/22,77.00,-1.28,79.00,77.00,79.00,140,"11,000.00"
1229,2019/08/21,78.00,-3.7,81.00,78.00,81.00,460,"36,160.00"
1230,2019/08/20,81.00,-1.22,82.00,81.00,81.00,240,"19,470.00"
1231,2019/08/19,82.00,-1.2,83.00,81.00,82.00,380,"31,230.00"
1232,2019/08/18,83.00,0,83.00,80.00,83.00,360,"29,340.00"
1233,2019/08/15,83.00,0,84.00,82.00,83.00,240,"19,930.00"
1234,2019/08/14,83.00,2.47,83.00,81.00,82.00,170,"13,910.00"
1235,2019/08/13,81.00,-1.22,81.00,81.00,81.00,290,"23,490.00"
1236,2019/08/12,82.00,-1.2,83.00,81.00,82.00,380,"30,930.00"
1237,2019/08/11,83.00,1.22,83.00,81.00,82.00,260,"21,230.00"
1238,2019/08/08,82.00,-1.2,83.00,81.00,82.00,290,"23,840.00"
1239,2019/08/07,83.00,0,84.00,82.00,84.00,310,"25,690.00"
1240,2019/08/06,83.00,0,84.00,83.00,83.00,170,"14,140.00"
1241,2019/08/05,83.00,0,86.00,82.00,82.00,"1,300","109,060.00"
1242,2019/08/04,83.00,0,84.00,82.00,84.00,490,"40,690.00"
1243,2019/08/01,83.00,-2.35,86.00,83.00,85.00,540,"45,650.00"
1244,2019/07/31,85.00,1.19,85.00,83.00,83.00,210,"17,620.00"
1245,2019/07/30,84.00,-1.18,84.00,83.00,84.00,180,"15,030.00"
1246,2019/07/29,85.00,-1.16,85.00,85.00,85.00,190,"16,150.00"
1247,2019/07/28,86.00,-4.44,89.00,86.00,89.00,220,"19,070.00"
1248,2019/07/25,90.00,-3.23,93.00,90.00,92.00,440,"40,370.00"
1249,2019/07/24,93.00,4.49,93.00,90.00,90.00,825,"76,220.00"
1250,2019/07/23,89.00,3.49,89.00,85.00,85.00,390,"33,900.00"
1251,2019/07/22,86.00,1.18,86.00,84.00,84.00,70,"5,950.00"
1252,2019/07/21,85.00,1.19,85.00,84.00,84.00,30,"2,540.00"
1253,2019/07/18,84.00,0,84.00,84.00,84.00,90,"7,560.00"
1254,2019/07/17,84.00,0,85.00,84.00,85.00,470,"39,610.00"
1255,2019/07/16,84.00,-1.18,86.00,84.00,86.00,430,"36,350.00"
1256,2019/07/15,85.00,-2.3,87.00,85.00,86.00,465,"40,070.00"
1257,2019/07/14,87.00,-1.14,89.00,86.00,89.00,310,"27,080.00"
1258,2019/07/11,88.00,2.33,88.00,86.00,86.00,276,"24,036.00"
1259,2019/07/10,86.00,-3.37,88.00,86.00,88.00,160,"13,990.00"
1260,2019/07/09,89.00,3.49,90.00,86.00,86.00,630,"55,630.00"
1261,2019/07/08,86.00,3.61,87.00,84.00,84.00,740,"63,350.00"
1262,2019/07/07,83.00,3.75,83.00,81.00,81.00,190,"15,580.00"
1263,2019/07/04,80.00,1.27,80.00,80.00,80.00,240,"19,200.00"
1264,2019/07/03,79.00,-1.25,80.00,79.00,79.00,220,"17,460.00"
1265,2019/07/02,80.00,0,81.00,80.00,80.00,250,"20,060.00"
1266,2019/07/01,80.00,-1.23,80.00,79.00,80.00,310,"24,760.00"
1267,2019/06/30,81.00,1.25,81.00,79.00,79.00,190,"15,090.00"
1268,2019/06/27,80.00,-1.23,80.00,78.00,80.00,320,"25,320.00"
1269,2019/06/26,81.00,-2.41,82.00,80.00,82.00,300,"24,325.00"
1270,2019/06/25,83.00,-1.19,84.00,83.00,84.00,50,"4,170.00"
1271,2019/06/24,84.00,2.44,84.00,81.00,82.00,980,"80,470.00"
1272,2019/06/23,82.00,0,82.00,81.00,81.00,160,"13,100.00"
1273,2019/06/20,82.00,1.23,83.00,81.00,81.00,300,"24,570.00"
1274,2019/06/19,81.00,-3.57,83.00,80.00,83.00,630,"53,690.00"
1275,2019/06/18,84.00,2.44,85.00,80.00,81.00,430,"35,850.00"
1276,2019/06/17,82.00,-1.2,84.00,82.00,84.00,240,"19,980.00"
1277,2019/06/16,83.00,-3.49,90.00,83.00,90.00,"1,010","84,455.00"
1278,2019/06/13,86.00,0,87.00,85.00,85.00,320,"27,310.00"
1279,2019/06/12,86.00,0,87.00,85.00,85.00,500,"42,780.00"
1280,2019/06/11,86.00,0,87.00,85.00,85.00,590,"50,710.00"
1281,2019/06/10,86.00,-2.27,87.00,85.00,87.00,740,"63,540.00"
1282,2019/06/06,88.00,0,90.00,87.00,89.00,770,"68,080.00"
1283,2019/06/04,88.00,-2.22,93.00,88.00,91.00,860,"77,430.00"
1284,2019/06/03,90.00,0,91.00,89.00,90.00,950,"85,440.00"
1285,2019/06/02,90.00,-4.26,96.00,90.00,95.00,"1,140","105,070.00"
1286,2019/05/30,94.00,-1.05,96.00,94.00,94.00,750,"71,400.00"
1287,2019/05/29,95.00,5.56,95.00,89.00,89.00,760,"69,520.00"
1288,2019/05/28,90.00,-1.1,91.00,89.00,90.00,670,"60,170.00"
1289,2019/05/27,91.00,1.11,91.00,85.00,89.00,"1,050","91,710.00"
1290,2019/05/26,90.00,-6.25,96.00,89.00,95.00,"1,245","115,975.00"
1291,2019/05/23,96.00,-8.57,103.00,95.00,103.00,"2,260","222,400.00"
1292,2019/05/22,105.00,-9.48,114.00,105.00,111.00,"1,339","143,974.00"
1293,2019/05/21,116.00,-4.92,116.00,116.00,116.00,20,"2,320.00"
1294,2019/05/20,122.00,-3.94,122.00,122.00,122.00,30,"3,660.00"
1295,2019/05/19,127.00,-4.51,127.00,127.00,127.00,30,"3,810.00"
1296,2019/05/09,133.00,-4.32,133.00,133.00,133.00,10,"1,330.00"
1297,2019/04/23,139.00,-4.79,139.00,139.00,139.00,60,"8,340.00"
1298,2019/04/22,146.00,-1.35,146.00,141.00,141.00,30,"4,280.00"
1299,2019/04/11,148.00,-8.64,154.00,148.00,154.00,30,"4,530.00"
1301,2019/04/10,162.00,-4.71,162.00,162.00,162.00,20,"3,240.00"
1302,2019/04/09,170.00,-8.11,176.00,170.00,176.00,70,"12,050.00"
1303,2019/04/03,185.00,-4.64,185.00,185.00,185.00,30,"5,550.00"
1304,2019/03/17,194.00,-4.9,194.00,194.00,194.00,30,"5,820.00"
1305,2019/03/07,204.00,-4.67,214.00,204.00,204.00,30,"6,120.00"
1306,2019/03/06,214.00,-6.55,229.00,214.00,218.00,60,"12,960.00"
1307,2019/03/05,229.00,-4.98,241.00,229.00,229.00,30,"6,870.00"
1308,2019/03/03,241.00,-4.74,253.00,241.00,241.00,30,"7,230.00"
1309,2019/02/24,253.00,-4.89,266.00,253.00,253.00,30,"7,590.00"
1310,2019/02/21,280.00,0,280.00,280.00,266.00,,"7,980.00"
1311,2019/02/18,280.00,-6.67,300.00,280.00,285.00,60,"16,950.00"
1312,2019/02/17,190.00,0,300.00,190.00,300.00,60,"14,700.00"
